,RFR_RMSE,RFR_R2,XGB_RMSE,XGB_R2,LGB_RMSE,LGB_R2,AVG1_RMSE,AVG1_R2,AVG2_RMSE,AVG2_R2
0,31438794.467730217,0.8940443653642137,32131331.659048118,0.889324947170301,30390916.726026673,0.9009898110827357,30513907.140234675,0.900186811640174,30626787.240984946,0.8994469678325082
1,31808539.925585516,0.8901902217806088,32983614.71812813,0.8819271509083657,30757963.7725385,0.8973240553061022,30890158.212667823,0.8964395782203076,31264763.185617037,0.8939125935622974
2,28863932.505364098,0.8872042288098108,30271361.22256622,0.8759360174717511,28538859.4992485,0.8897305917453541,28404801.24028397,0.8907641162433024,28897387.72402816,0.8869426016652919
3,32851996.026589833,0.8845407149525291,31892666.609354775,0.8911854409178119,32368704.108832072,0.8879128140549926,31533057.03148916,0.8936255094366393,31560893.090553567,0.8934376206732295
4,29234078.917793855,0.9033051873644062,29277022.23326972,0.9030208995863993,27557850.383205555,0.9140758940263314,27916138.699125122,0.9118271170375369,27897293.571240664,0.9119461212036778
5,31194944.559687737,0.8902274893615123,31041974.164617166,0.891301430879699,30562758.048982237,0.8946316334342734,30030328.820925426,0.8982708686564821,30264788.098847333,0.8966761843301083
6,28557692.22370626,0.9143985487031987,30010056.182217043,0.9054702460921077,27982045.65384001,0.9178147591956025,27884940.988437336,0.9183841759655496,28353758.729335103,0.9156167614214494
7,28472131.73879104,0.8941675453870429,28496658.13270361,0.8939851349879767,28178240.40916707,0.896341089410862,27705856.96685644,0.8997874586667015,27828835.40926006,0.8988958541522872
8,34730769.50487496,0.847026966098384,33395215.37967191,0.8585657583838553,33357898.51900903,0.8588816678931687,33058476.900948178,0.8614036638871965,32797304.883664396,0.8635849198012067
9,28536888.480797254,0.9053995888664692,29051418.313773632,0.9019574795559886,28724628.95589702,0.9041507668318003,27731972.9694931,0.9106609512086578,28219434.450393956,0.9074926161233063
10,32931244.991024498,0.8897685900954195,32326082.88854391,0.8937827075148892,31357572.754336778,0.9000520387675541,31448089.10963006,0.899474189033579,31361727.007491373,0.900025554789348
11,29532200.468892194,0.8983723427967774,30332475.095073156,0.8927898267671637,29500637.941911634,0.8985894557478779,28687823.644694794,0.9041006853924938,28944270.904389936,0.9023784886449059
12,31528726.329296973,0.8938591801957348,32859172.74613903,0.8847123371511698,31170322.776011482,0.8962585812484419,31182362.419529967,0.8961784248172124,31530722.72768084,0.8938457381005714
13,32860323.03691878,0.8844699932695225,34304355.37972645,0.8740930605285593,32684093.395696945,0.8857058433774337,32468926.26077305,0.8872057410371151,32902693.465556502,0.8841718701033462
14,32144931.74688496,0.8860522011844635,31456667.356618296,0.8908795008519451,30650792.623470012,0.8963989054595793,30724863.399932716,0.8958975751424723,30553204.373338025,0.8970575608342424
15,33398857.32662091,0.8774546157497102,31842131.55484886,0.8886121027939728,31958096.412472557,0.887799305272869,31742498.941870935,0.8893080678154868,31424075.87165391,0.8915177285293349
16,33020814.937652994,0.872382319194407,33228799.30803719,0.8707696350090317,32286778.61855244,0.8779930121602134,32076232.310467232,0.8795790708596017,32260013.936839398,0.8781952079102224
17,33429718.124680012,0.8798296573435004,32598880.027728315,0.8857286838736022,31712923.85943768,0.8918554993066123,31818258.94998896,0.8911358980980045,31753780.25539073,0.8915766703526358
18,28342869.490734775,0.9039888473181555,28594610.310410086,0.9022757346291721,25678896.066264402,0.9211890162197448,26461387.069213845,0.9163127569643236,26493928.86404921,0.9161067959055148
19,28890555.7731295,0.8839363440313746,30059624.685005624,0.8743531627362049,28351306.651519615,0.8882286201837608,28335891.433216494,0.8883501321712176,28741568.784970738,0.8851303250539456
20,28341166.05880273,0.9145634037178698,28353566.985860907,0.9144886202885891,27855587.572668906,0.917465950133784,27220130.976246495,0.9211886204203074,27396840.92020768,0.9201620302160689
21,29926656.841006752,0.8983581217672709,30226533.493018128,0.8963109343968708,29285723.579606663,0.902665188541984,28936078.365283914,0.9049754945373905,29128944.024151623,0.9037045524041676
22,33191597.150682412,0.8801140198372563,33703249.32858217,0.8763894202977528,31625564.02996114,0.8911599691453729,32158652.505788185,0.8874597741078719,32238073.395414423,0.886903215849299
23,29515750.169456176,0.865029341755491,31276407.159899272,0.8484466882837386,29017614.80256392,0.869546679717423,29224763.829434272,0.8676774885707352,29611431.237834617,0.8641528559094924
24,28636516.780662663,0.909431983400389,32019171.730201557,0.8867717848468756,29039908.665350936,0.9068624162694131,29250611.408348825,0.9055059700039778,30109750.69059366,0.8998735557001022
25,30908644.399885274,0.8883670811285082,31461379.027958605,0.8843387520172141,28540432.599800445,0.9048182977587215,29304865.906105597,0.8996512790766507,29431512.396329336,0.8987820531189006
26,33673114.909739986,0.8723282622747598,32698574.39792863,0.8796112730730694,31678324.551911827,0.8870067259730845,31899315.482927695,0.885424723932035,31766182.525113124,0.8863790964088887
27,28706484.271849155,0.895351438440145,28923553.89446628,0.8937628141175838,27589584.829451136,0.9033362632927429,27508149.903112035,0.9039060570684128,27608540.799041044,0.9032033881992892
28,29649204.75729277,0.8929938429960882,29729132.850075886,0.892416132639382,28861766.783373594,0.8986022087993383,28302694.28730359,0.9024924534065845,28606315.89422999,0.9003891768799808
29,29991466.224429537,0.8905583648233519,30259975.777013145,0.8885899602592486,28994422.933153704,0.8977140186635184,28893011.938360646,0.8984282789858254,29119405.356309403,0.8968302967924251
30,30210909.92127059,0.895505990775135,29769147.072934274,0.8985396014518535,29069302.29173831,0.9032540047042591,28774725.769363947,0.9052048392586876,28825075.027274653,0.9048728088683514
31,31646810.592427157,0.885696177775078,31399724.639798634,0.887474089269186,31366721.09547775,0.887710511862253,30606663.873603046,0.8930864265147322,30821715.369969856,0.8915787353731524
32,30067025.90668245,0.8879010506461652,27845244.12331735,0.903855895625674,28316527.510410495,0.9005738582018208,27916611.295203406,0.9033624306861434,27575815.41154382,0.9057074620530465
33,30838991.09226948,0.8963683005831347,31632516.461304236,0.8909665428900082,30675339.195721336,0.8974652576740346,30267435.55312579,0.900174027509451,30621993.35177514,0.8978215729674204
34,27543773.20821004,0.8992528251662513,28136593.724746574,0.894869422949608,27304264.79326694,0.9009973127481966,26771557.511781003,0.9048227208582149,27264254.385396283,0.9012872480892865
35,31235343.651940856,0.8929562451356505,30792998.066895403,0.8959666203234231,29598117.686513152,0.9038837223490088,29685687.40071229,0.9033141370639562,29572383.55368665,0.9040507866063475
36,34889997.786353245,0.8693138069548891,35392399.521098435,0.8655230536684982,33381700.840637065,0.880368721330448,33757469.32401191,0.8776602506154952,33889811.33820705,0.8766991343956775
37,28533905.19218326,0.9059412381838985,28542215.24823946,0.905886443903388,27913400.318337813,0.9099876049270081,27323113.230001215,0.9137543512421595,27527443.94784445,0.9124595845045729
38,30062900.715577878,0.8827930364383948,30059102.636516128,0.8828226498943994,27290021.236144688,0.9034172877664602,28276591.259229854,0.8963078789758843,28114450.392429292,0.8974936320443232
39,31661007.344109178,0.8755210998570793,31349115.084495585,0.8779615009207347,29655645.511152726,0.8907903415669642,29802449.137331963,0.8897064294867214,29854995.175545145,0.8893171595117074
40,31001935.22929354,0.8863044645902137,33415825.093364272,0.867909927020936,31419656.165958155,0.8832199496249068,31391499.798194315,0.8834291580726913,31921025.946358755,0.8794632480953902
41,27762106.445405133,0.9014643996459661,29167281.559334908,0.8912372337272256,27922252.596191037,0.9003243124545801,27489236.362542987,0.9033918672930001,27749380.519681543,0.9015547147905949
42,34651599.04639675,0.8631577110300732,34993726.302381136,0.8604421884731843,33231286.67375437,0.8741456929283364,33353245.7772134,0.8732202250563379,33470685.58564195,0.872325847020137
43,29735140.730459336,0.8886607833727183,29896372.5967989,0.887450088015506,29674550.48290108,0.889114065073606,28937070.82804118,0.8945571103078861,29209491.840877745,0.8925624322304099
44,28045978.57912815,0.8990035932964064,28530954.639542688,0.8954804976766455,26502847.27630715,0.9098117843913367,26749905.668075126,0.9081224858755903,26932139.799093097,0.906866387938699
45,32811660.107958846,0.8926591628961187,33150590.72197182,0.8904301384335985,33385992.46665868,0.8888685062815317,32161681.77152437,0.8968697500074304,32559368.83519331,0.8943035199216478
46,30985395.871031623,0.8875234035404134,29735237.21750775,0.8964164280717094,29585326.074899934,0.8974582350175491,29376106.4406593,0.8989034036712926,29177407.37565773,0.9002664068033258
47,30427159.42116736,0.9046404209031055,29919141.45354536,0.9077981235564089,28424475.34211313,0.9167802474582153,28732505.97689464,0.9149668011555329,28540440.830739766,0.9160998264244186
48,28666018.07719512,0.8917685024967954,27840118.66770497,0.8979151979844967,26544547.553946543,0.9071953833367952,26866564.674012925,0.9049300635938935,26569867.771242235,0.9070182506295739
49,29953701.16820092,0.8985695711903863,31012828.238444835,0.8912698408468308,29631589.650012102,0.900739335664388,29427942.21008117,0.9020990141668734,29740927.438984957,0.9000054590909387
50,32730567.58479222,0.8720299765586784,33061926.955418065,0.8694257618575991,31196855.956102435,0.8837420041909572,31569955.115115624,0.8809445981330926,31694203.841599405,0.8800056299827541
51,32057709.320289247,0.8814787898128067,32193903.585550986,0.8804695974407057,30563295.916599948,0.8922712857309615,30825098.003040586,0.8904177947437791,30891011.782765303,0.889948651071315
52,33110685.348267037,0.8869846356735431,32869878.39496849,0.8886225311894334,30966563.148986075,0.9011476122560687,31610748.08452748,0.8969920612971419,31346188.58170333,0.8987090526301128
53,29478285.202663228,0.8884050705446593,29673913.45299284,0.8869189895100515,28204741.580307942,0.897839201394385,28292604.049321257,0.8972017141832551,28324384.45418863,0.8969706427702122
54,31850022.504881278,0.8847334304785569,32027466.10239461,0.8834455011051391,29297187.80759835,0.9024705553437444,30108027.56757082,0.8969973279456854,30002615.59963928,0.8977173158114826
55,36043635.51576413,0.8682048780711711,35437331.73435253,0.8726015377947263,34293867.1302913,0.8806904852645514,34626571.947207324,0.8783642733178022,34486367.90657867,0.879347292640275
56,32945325.346605245,0.8839374743940408,31357383.627966177,0.8948561067664061,30985349.299161926,0.8973362300384535,31098212.617557958,0.8965869677811116,30725236.894648667,0.8990526563016148
57,30771188.769377656,0.8901131884575355,31860807.114010148,0.8821931428759651,30011554.72179655,0.8954716700572318,30163866.250442013,0.8944079950932816,30471367.533023197,0.8922441358293209
58,27749024.146484796,0.9059178457560446,29519398.686140634,0.893530102335957,28729433.959004123,0.8991523082744199,27835871.214166693,0.9053280199426366,28597860.47429449,0.9000739065345806
59,32140281.10142085,0.8696345334121482,34757337.52147373,0.8475398915911185,31901088.54760036,0.8715677098314935,32085220.718356755,0.8700808160141444,32769248.178128753,0.8644822517797384
60,32285083.43016416,0.8751849203109001,33730282.115703225,0.8637604565971893,32888353.117530674,0.870476823790866,32134828.13088543,0.8763439996230815,32803088.80475798,0.8711475408045758
61,30163504.52065359,0.9009364982001082,31266184.525386192,0.8935612286802063,29439690.461469844,0.9056337802048916,29371489.285932805,0.9060704989476684,29747638.043303356,0.9036492595865333
62,34753349.508576035,0.8638192361911664,34635027.5885331,0.864744944939901,33464259.774720892,0.8737344497969264,33658302.26836712,0.8722659029612801,33478357.073148943,0.8736280450486796
63,30084517.999149315,0.8880331600064957,30606579.53092056,0.8841134856255018,29149919.67095475,0.8948817722128363,29212270.658302777,0.894431600477809,29321359.036708746,0.8936416729519012
64,31364994.890497975,0.8838839102516897,30413557.59067669,0.8908216796708323,29641130.7764973,0.8962969582328463,29558799.13618181,0.8968722523337282,29455853.381856505,0.897589336700745
65,32031382.194127467,0.8909516417538443,32729664.88178266,0.886145319240078,31298346.43190341,0.8958856578573224,31050212.718573406,0.8975299537391493,31492971.000216983,0.8945867898189104
66,29986489.628423303,0.8912897215138225,31496621.520053364,0.8800646254342032,27998401.716398064,0.9052267370668362,28899496.812006254,0.8990282427884035,29024748.52540048,0.8981511139053718
67,34699648.18185186,0.8685864897276183,36301610.54439393,0.8561725901027732,33765728.51358819,0.8755651233228573,34325111.456832044,0.8714080490446949,34516424.551755376,0.8699706242813046
68,33606644.60316598,0.8782657943800372,34238093.863097884,0.873648187560446,33718598.771440595,0.8774533745423937,33153379.934175942,0.8815273942059052,33494528.27219533,0.879076683191049
69,30934001.890500125,0.8974276808098454,31005405.846734405,0.8969536055594123,29571522.547232095,0.9062642344050109,29536381.470762867,0.9064868822931539,29714554.91676566,0.9053552739062889
70,36198470.67083653,0.8569832473357719,36271341.92109294,0.8564068528379365,36084070.290329,0.8578857891826992,35334031.61982946,0.863732322466887,35701248.600330144,0.8608852185379064
71,32055703.19003329,0.888838951974636,33164164.455971878,0.8810183091622666,30749497.399404,0.8977135609758252,31161562.833794907,0.8949537683911722,31507915.29876665,0.8926056695335749
72,27671233.417014588,0.9043094460986951,29409807.441517748,0.8919072925683302,28178321.145923402,0.900770166704096,27626039.45979251,0.9046217634526911,28247752.80838612,0.9002805576609638
73,31873554.933148243,0.8751731903584181,33631078.73268141,0.8610276318412077,31720174.588194106,0.8763716705715862,31391548.749341,0.8789200178385959,31938713.871038865,0.8746623031308696
74,31795304.608382616,0.8786959461991651,33207164.838736203,0.8676838272088273,30851649.66454951,0.8857894779289934,31192050.034772705,0.8832553003426971,31426518.724092115,0.8814935785475593
75,35199528.93335626,0.8517046541098932,34516938.046244085,0.8574003877921196,34285208.982642874,0.8593086423837653,34004199.26556543,0.8616054705510487,33972048.196169086,0.8618670516906527
76,32051956.69232826,0.8749396546282757,31737444.98890374,0.8773819369656045,29738841.8656407,0.8923389447378787,30369010.65196662,0.8877279075042345,30187160.23752099,0.8890684581624877
77,33740450.126508534,0.8786697040920974,36771546.57399703,0.8558909334952614,32740217.89007346,0.8857567253341888,33320281.708178025,0.8816727308845483,33966326.22651656,0.8770397704274481
78,29851058.815689415,0.8924226212316867,30243105.472161483,0.8895783465719956,29203592.707943145,0.8970386938106463,28980520.204459973,0.8986056322565454,29259768.218477625,0.8966422037687766
79,31534704.372292556,0.8970055167713211,32205954.585763324,0.8925741528173253,30510489.641820446,0.9035871791365275,30604863.800673462,0.9029898140222788,30824578.084724158,0.90159192949881
80,30100250.369952057,0.8989558338266914,31661473.36227777,0.888202196752426,30412266.16798363,0.8968501516235954,30074629.617658433,0.8991277743082761,30549505.210836884,0.8959170986811946
81,31412299.258673348,0.8854168740812464,33028737.1427733,0.8733208470024709,30113615.48777345,0.8946954794978095,30799236.637177162,0.8898457853033861,31095626.308835924,0.8877154945379635
82,32122527.706092414,0.8929516242422237,34046020.69710346,0.8797477045944306,32424738.998243254,0.8909279099368643,32135490.16114946,0.8928652120056411,32649386.495637633,0.8894113115743032
83,31476531.58667473,0.9022005653131531,32436402.423897143,0.8961448680740278,31773414.66643036,0.9003469986525015,30949919.697228897,0.9054456191746169,31406957.65162101,0.9026324281179225
84,32429285.5531716,0.8909543645541542,31543897.0122453,0.8968274372899246,30495895.85055784,0.9035690783974117,30617808.499186605,0.9027965385287371,30312666.99352362,0.9047243713863177
85,29780214.585668284,0.8939727070659621,31432996.358645525,0.8818772383242874,30642003.601875473,0.8877474162128269,29575728.7668329,0.8954237806437509,30508571.254095696,0.8887229081840984
86,34062252.41614129,0.8789807975838837,33546351.45860567,0.8826189078872515,31933771.716176037,0.8936327348234279,32176151.36059887,0.892011936568938,32010967.65635886,0.893117853850557
87,32532933.734551493,0.8808322912745311,32598008.766495205,0.8803550764958074,32394778.60223888,0.8818422630943057,31508591.413172726,0.8882184547289745,31780798.003612354,0.8862787229831348
88,30353669.258650564,0.8930551624578058,30494846.891175795,0.8920580289363222,30301643.511480276,0.8934214520699616,29530081.509950552,0.8987799095034026,29795443.563385874,0.8969525759039246
89,33258344.755645633,0.8878994363279793,33799089.88930691,0.8842245315587345,32772465.44209998,0.8911509199435077,32347124.209746365,0.8939580056629339,32676640.68107754,0.8917865259591802
90,30042758.16655485,0.8943528955440662,30773020.596019108,0.8891544532813365,29115342.266081713,0.9007748430712222,29189953.958029494,0.9002656378015998,29382582.7988252,0.8989449707608649
91,27498878.349052977,0.9148616836707336,30416076.895668365,0.8958398748925795,28116760.039323367,0.9109926959577197,27827803.813051738,0.9128127532002058,28679545.976323478,0.9073938900473442
92,29988266.373305507,0.8917623429582989,32197683.453371603,0.8752257650146203,30564012.369742166,0.8875663274833505,29923336.576701388,0.8922305421341581,30648477.00392901,0.8869440406526845
93,31091993.44559745,0.8868894377486666,32919376.177576035,0.8732029295275006,30778724.736681353,0.8891572557625335,30736630.04385409,0.8894602378155404,31147172.43609575,0.8864876066538009
94,29013311.411985442,0.9114923612375034,30160325.75848404,0.9043558941031503,27917022.341887303,0.9180546444530417,28199467.09073246,0.9163881258927031,28500668.0465957,0.9145924556099844
95,30264707.895264883,0.9070331857228902,31826241.657420713,0.897192289407907,30727518.4018267,0.9041681326492375,30066010.554609437,0.9082498913809143,30564510.491932925,0.9051822019897875
96,27728029.870335087,0.9050020042499227,28333971.39001795,0.9008046490298183,27823606.219845477,0.9043459742357871,27121427.869161494,0.9091130526832125,27519115.359193034,0.9064281202914912
97,31926957.24777286,0.8872318599110673,31505538.313604813,0.8901891722701952,30560113.48142363,0.8966807413334122,30215758.34186009,0.8989960512022347,30310271.505374927,0.8983631938297206
98,29502626.99998461,0.896036261715803,30204663.22740488,0.8910296098342894,29697038.94226215,0.8946615782620336,29007934.993582144,0.8994935028571811,29450222.035355635,0.8964052713802888
99,31204143.620588306,0.8793898039824046,30622037.071776815,0.883847745749075,30034167.709047783,0.8882646252124333,29886790.692537814,0.889358500972281,29745617.28960523,0.8904012858322368
100,31889736.87087094,0.8814878532356973,31326232.941351954,0.8856391592376723,30890645.006784182,0.8887973986547493,30403697.751557555,0.8922756687934589,30510079.451140713,0.89152050101969
101,31200387.588108923,0.8802234462353332,31631784.573540077,0.8768883296892236,31122456.36507218,0.8808210462373264,30466829.675863124,0.8857894127884223,30778763.280540742,0.8834387580629333
102,29273488.246435236,0.9094848547642135,29468018.470178943,0.908277862551146,29686059.60926709,0.906915491419588,28645786.6958436,0.9133250085605154,28897143.41467924,0.9117972498409875
103,31822162.2348337,0.8725793598934237,30845130.627887595,0.8802836026548714,30075234.762098353,0.8861852723396266,30102563.18219339,0.8859783386371393,29975315.687764186,0.8869402703482391
104,33363576.492488652,0.876974372975289,32899647.393999718,0.8803719910822148,32350893.39567282,0.8843294115964171,32047222.02249438,0.8864907730362931,32063050.765108943,0.88637861654103
105,31700981.344799068,0.8870626461014683,32137623.838792183,0.8839300703390722,31294705.722141985,0.8899388771920587,30905613.160581466,0.8926586819828684,31252343.395075668,0.8902366457440299
106,27407907.280637044,0.8958592830667252,28252853.065556098,0.889339295182079,26893026.92350933,0.8997352711691167,26837446.55326514,0.9001492812474584,27046523.40678254,0.8985874491233885
107,29426158.168591645,0.8884314024443098,29079794.709274486,0.8910424030312107,28569006.212545287,0.894836480817297,28189294.08464599,0.8976133709286651,28164337.55279103,0.8977945804383007
108,26260206.01031988,0.9018061723926383,24950582.629239842,0.911356006241457,24672951.79278125,0.9133177547302059,24489439.12591145,0.9146024110982058,24252901.17080726,0.9162441161969422
109,28247355.995097138,0.9062846303789533,29200997.06238681,0.8998500868422022,28051955.202504106,0.9075766961405202,27779351.34595065,0.9093642741467005,28048611.53335168,0.907598727726566
110,30604032.45980064,0.8781345287414806,29537918.187319525,0.8864771904177093,29756816.984388802,0.8847883723247235,29191235.513332367,0.8891263568575458,29151271.253287066,0.8894297321625102
111,30088899.36321917,0.8956544550256812,31589119.99760139,0.8849897987739798,29496447.780045882,0.8997231360771036,29200280.94224576,0.9017267388975263,29749110.69208443,0.8979978599894998
112,29984032.059353016,0.8874669662749401,30523357.016043838,0.8833822782662178,29764030.0126614,0.8891122867582587,29334809.210497104,0.8922874033146198,29603608.854443397,0.8903043831794676
113,29880246.72223282,0.8845921655374679,29345400.012141872,0.8886867145513943,28303479.786357433,0.8964508351934204,28228774.863605518,0.8969967343976205,28198295.227813732,0.8972190470639532
114,31682794.6109725,0.8715375282625769,31513415.638653222,0.8729073997895458,30086566.09953665,0.8841557304037311,30401663.232545584,0.8817165460063553,30359508.170936085,0.8820443431586596
115,26749697.77879802,0.9118632818020648,27810699.580360927,0.904732900380734,25599923.068521477,0.9192771593472341,25790178.296592347,0.9180728579505526,26058058.267092556,0.9163620811651092
116,30171319.713332646,0.8931336719601762,30894987.465858176,0.8879457533786177,29633379.0781705,0.8969104540865267,29388718.047927562,0.898605696111344,29791345.247844104,0.8958084491585274
117,29737042.802247763,0.8932625079923827,29119246.080086432,0.8976514507086847,27205266.166956857,0.9106638162021133,27739137.6588211,0.9071231773209336,27478327.061855342,0.9088614709309245
118,30437235.188734733,0.8872957114930936,30402903.423522227,0.887549818341669,28549843.060756505,0.9008397776365914,29079570.932362627,0.8971259044623648,29006164.11949158,0.8976446279337927
119,31776765.160573054,0.892336984991632,32725744.58323847,0.8858104814606625,30339450.615580752,0.9018562623148847,30396624.548692532,0.9014860149621878,30828724.906668395,0.8986652748946808
120,34604123.18250208,0.8633474758230436,32389777.841032717,0.8802769153203682,32761210.616389766,0.8775152999447916,32499429.646191057,0.879464926190757,32072315.748945188,0.8826122989940912
121,32154302.73448289,0.8886336911152876,31430623.510359094,0.8935902002353535,31017279.267618846,0.8963705880962531,30587645.671730105,0.8992215361229006,30524863.447150413,0.8996348142761421
122,32120931.098326117,0.8863113736071605,31331844.031316526,0.8918285429459247,31419527.798267014,0.8912222490563326,30713900.023470007,0.896053301461047,30698300.54272492,0.8961588629651478
123,32910533.754026093,0.8805864373433848,33629268.05179192,0.8753137298838154,31972819.766202226,0.8872943513527682,32108101.363147177,0.8863385860264565,32276752.05646562,0.8851414165207089
124,26343018.892256845,0.9165347150499251,27705149.688308198,0.9076800000362208,26268410.872540742,0.9170068220185085,25887433.80978154,0.9193967048328886,26407174.900756232,0.9161276758936031
125,29996537.80114032,0.8951213260389153,30440879.44762622,0.8919911566377369,28796413.053852,0.9033455811701673,28862119.311115984,0.9029039952288123,29045231.097276784,0.9016680622583855
126,32271967.823733743,0.9005991850001959,32216748.700515486,0.9009390545761078,31152703.47995823,0.9073745070528199,30902145.675403934,0.9088584688093038,31096591.283800147,0.9077078803050632
127,34442578.82210094,0.849041317483741,34776457.953582115,0.8461004083810016,32999502.05700157,0.8614260653889437,33299712.67868531,0.8588932635469784,33520056.803749777,0.857019679311184
128,30022785.53993437,0.8998148804207122,30983567.97087701,0.8933000761444884,29474364.915880557,0.903441576791766,29418953.97186556,0.9038042895495324,29699223.78780806,0.901962675496805
129,28276018.654738043,0.8962525907583823,30189446.88132887,0.8817364112580804,27873916.63824308,0.8991823116807315,28001187.274483543,0.8982595547827527,28484002.12544497,0.8947207553347105
130,33016504.317926887,0.8593036379532595,32183439.861148175,0.8663140979934488,31075838.963201974,0.8753574247772548,31261533.41987851,0.8738633644960607,31119321.586907126,0.8750083704525032
131,29112933.181348342,0.8908403911057101,28622255.08832925,0.8944889998855725,28295007.84009551,0.8968878883408301,27694807.877057444,0.9012159660141374,27723238.0645892,0.9010130478256828
132,32921689.734062146,0.8712777959507622,30550996.24589605,0.8891489054425418,30770842.75053757,0.8875477851280515,30611641.902481552,0.8887083757924861,30073427.485680528,0.8925874350288361
133,30667206.42791464,0.8950189209404098,32544375.971867654,0.8817735916088023,30523901.99151289,0.8959977583406218,30316589.302814443,0.8974056887715972,30954978.117834337,0.8930394562612681
134,29187234.74459805,0.9007548100856535,29760105.91806441,0.89682071591326,28007029.812806483,0.9086186283836122,28373285.124606848,0.9062129642430957,28387518.59983478,0.906118843997601
135,32493719.861841973,0.8725916076714524,33343309.897100855,0.8658419956254996,30930346.387167357,0.884556698314394,31541414.78287115,0.879950180616893,31620760.650338694,0.8793454240904804
136,34602355.81460145,0.8531602081438235,34674734.19756997,0.8525452707004733,33478485.12946561,0.8625438987449847,33524650.20277768,0.8621645478788602,33600626.8971802,0.8615390887857938
137,30604427.004443772,0.8949273123730982,31590616.948747143,0.8880465321791877,29956851.930720083,0.8993268445388914,29862339.14346263,0.8999610828068264,30236762.16875055,0.8974367194848961
138,29608439.659188997,0.8850976538083292,28328437.556710407,0.8948175946282294,28395750.63300882,0.8943171389944171,27777474.810930356,0.8988692147374219,27700502.034574196,0.8994289151423528
139,30616437.164688654,0.8903048738563382,31372552.825506367,0.8848198209032689,29808101.799140777,0.8960207519340612,29703045.202444207,0.8967523957051872,29881068.031595606,0.8955110743985338
140,31447093.14237026,0.8944599492643552,32262545.862243168,0.8889154770101972,30589066.127505075,0.9001406531109074,30564522.6488811,0.9003008353462059,30822224.13510895,0.8986125423211807
141,31725742.80172343,0.8940575241620803,29490468.564329877,0.9084602197075929,29284077.54471879,0.9097370306626564,29003023.54645702,0.9114613144468025,28672684.370575532,0.913466707631099
142,31021230.67666986,0.8976441247551225,31563140.11126619,0.8940367826385958,30039587.138884723,0.9040195793715609,29930899.23661058,0.9047128670916079,30151762.42050236,0.903301411488566
143,31456644.016113512,0.888560261380668,31981418.841369137,0.8848110647750695,31250377.514695276,0.8900169280565736,30815565.104755443,0.8930562072425114,31128076.42294458,0.8908761003232302
144,33329280.175152496,0.8791699752903331,33816573.351968296,0.8756109381090871,31629518.65363885,0.8911801403279597,32202760.47884277,0.8871999740360411,32197063.45273808,0.8872398816613035
145,32140570.20308207,0.8866939337747821,33242807.604724597,0.8787891771331168,32020972.42264926,0.8875356077991966,31552310.265299793,0.8908035963931007,31948317.902662747,0.8880453847295837
146,27419481.614585157,0.9158288283810492,28722622.33453576,0.9076380553392798,26303386.068444278,0.9225416553763028,26600548.766812395,0.9207815966423771,26877280.514871232,0.9191247677872477
147,33906742.603222504,0.8778420359591975,33332042.9405607,0.8819479556438993,32114642.097279437,0.890413812074372,32228956.153263018,0.8896322659291931,32046883.691920146,0.8908757541344855
148,31265649.425994776,0.8837134434386978,31812531.668559268,0.8796098192015985,29490286.316526864,0.8965447389797833,30166552.71637714,0.8917454969649993,30011942.883443557,0.8928523068779095
149,26512820.838610627,0.9042411966950351,26129934.4290992,0.9069870377809679,25792592.283660162,0.9093731631438368,25271367.254166614,0.9129989860292199,25306925.375277877,0.9127539839299785
150,28836377.213317633,0.9028948417453727,28334135.693957195,0.9062479347926344,27170180.298428386,0.9137923224739108,27275895.54260939,0.9131201741724662,27186103.84239347,0.9136912459271623
151,27693758.79021174,0.9141352796779395,28186905.691212658,0.9110500406305656,27005216.239455614,0.9183518652825355,26705991.539720062,0.9201512055839559,27022148.923968863,0.918249443918805
152,29984406.369275574,0.8989451958260108,30673114.840925906,0.8942496494036478,30104783.156167824,0.8981321684900438,29524211.512742765,0.9020233309364276,29661183.172884267,0.9011121359483157
153,30517277.309032496,0.8891195688902267,32719423.27503121,0.8725397935291355,30380615.89377517,0.8901104271175165,30476713.5650642,0.8894141388265688,31001843.334190805,0.8855704020327412
154,31420309.236625865,0.8699260730116406,31173821.96523214,0.8719588861315422,30448716.263924446,0.8778461058527084,30300010.524711426,0.8790363450604023,30403568.485971745,0.8782080842152995
155,29917509.30624449,0.8969286126076035,31795882.629166298,0.8835796172798586,29047446.87215132,0.9028364924028313,29126894.687621173,0.9023042607626864,29612387.94412538,0.8990202914320108
156,30265085.63715174,0.895382249810849,30182299.58780175,0.895953802456474,28335237.87986909,0.908298743176469,28443388.23012293,0.9075973938700123,28416836.30269312,0.9077698291731154
157,33578401.80645155,0.8831391164335667,33289834.1183649,0.885139055152261,31616187.267972182,0.8963980063164837,31956259.719730966,0.8941572764488995,31960978.460522193,0.8941260161414633
158,30515030.87125201,0.8941589979696001,31022136.02204187,0.8906119926875797,29784048.563599076,0.8991690687687406,29559621.322809134,0.9006828959040731,29662288.283894658,0.8999917982324694
159,32059099.94376919,0.884336155664313,31667784.423975524,0.8871425243832454,31766941.530327216,0.8864346668071856,31027057.097922854,0.8916631654649618,31008994.48885625,0.8917892667763481
160,29622597.360713165,0.8862907599079978,29675317.037273966,0.8858856604687054,28137131.336284567,0.8974090334260928,28294154.443768915,0.8962607925594904,28301825.054555863,0.8962045370563192
161,30298953.292504728,0.9003353987606811,30986098.167222332,0.8957635848066651,30993696.23172263,0.8957124591629183,29817827.344260857,0.903475474890924,30201553.807331227,0.9009751355970913
162,33614110.38702837,0.874644577817045,34047151.38860576,0.8713939369500548,32277683.50332388,0.8844141695396066,32267022.866349418,0.8844905080469795,32444999.496398956,0.8832127523330557
163,29113607.046503335,0.8992523799674565,30038148.108144183,0.8927520320266502,28210296.156471156,0.9054072057400941,28262641.608885184,0.9050558378246908,28565208.530533127,0.9030120988038345
164,32704975.56888268,0.8825313427614839,33054353.1165853,0.8800081716159127,30841433.40460851,0.8955367687914688,31208313.75220854,0.893036660552094,31333517.447332706,0.8921766929587716
165,35428647.18072765,0.846081508210654,35108943.937529236,0.8488468532469049,33508441.723069657,0.8623138919124594,34007930.28895806,0.8581785034783396,33787941.87437137,0.8600073814219186
166,29716523.89371108,0.8788816386036407,30775632.087284077,0.8700943808540613,28531116.64326987,0.8883518547489474,28654056.721883103,0.8873876019620275,29086711.107714593,0.8839612052905682
167,29924546.46249758,0.8888709721235963,30332648.045447577,0.8858192179416788,29378055.546404872,0.8928928516561937,28982930.21551237,0.895754589540224,29296131.86381009,0.893489377015992
168,28826525.86844571,0.9071599995722547,29371842.400899846,0.9036142341820946,28122499.96084094,0.9116394575250286,27861770.398597226,0.9132702805021325,28237906.99443072,0.9109127545766476
169,32437748.19566197,0.8834673708268841,33510025.426197477,0.8756357190118054,30980600.541160453,0.8937018239237696,31542327.303409044,0.8898121735039316,31670955.446514647,0.8889116594539263
170,29272204.109106302,0.8944291653767724,28508225.109316017,0.899867867710931,27551223.309409074,0.9064777645344057,27700684.345965866,0.9054603255532931,27475518.371823445,0.9069910170762033
171,32517930.728666846,0.868964917542467,32021362.62795384,0.8729363282868761,32064568.06035809,0.8725932108137591,31502055.529222794,0.8770242248821689,31604451.576612834,0.8762234708783151
172,31608047.944632404,0.8876214362580446,30603624.818746477,0.8946501637973419,30542701.0888877,0.8950691936622613,30075323.98585848,0.8982560122511788,29985450.448597226,0.8988631830678457
173,31241198.63027504,0.8746530028257689,31061083.492850743,0.8760941645762776,30820983.49504823,0.8780023278199144,30023698.26513579,0.8842324261443242,30355664.403110977,0.8816582345445716
174,33726651.60643145,0.8863908322591496,34290479.12237111,0.8825605436449875,32932248.664203584,0.8916797390581742,32695311.180918176,0.8932327944772815,32982358.825306486,0.8913498450749111
175,35711652.38087166,0.871126791696375,36094171.69679247,0.868351198651182,34911323.93903286,0.8768383815953014,34843764.79777155,0.8773145962605986,34943713.076009154,0.8766097481016127
176,28790698.91100605,0.9021263832227074,29426463.48704326,0.8977561100815042,28094136.462815035,0.9068050033546551,27636849.540530406,0.9098141733996971,27820966.43141234,0.908608533487693
177,34356014.394628674,0.8626747077538799,32390275.279629856,0.8779397492178852,33027567.71293074,0.8730893223373563,32367205.522825215,0.8781135604914038,32231431.26215682,0.8791339965102398
178,33977319.37816393,0.8769569631720683,32793021.26142499,0.8853849422152257,34566175.16291703,0.8726551256380489,32886040.338653795,0.8847337971066124,33089779.420329772,0.8833011541931312
179,29451714.000882458,0.9028244196615187,30847206.122236297,0.8933974324610238,28983007.159809582,0.9058927934373674,28897968.769917596,0.9064442189655058,29385008.13521655,0.9032641115848533
180,27542458.86835037,0.9060573164811885,27671341.71726438,0.9051760640814338,28590582.505016357,0.8987713254646496,27035412.184526384,0.9094843794198683,27490818.723447084,0.9064092578944697
181,30946656.304876804,0.9024037366326667,31515208.61177459,0.8987847156609059,29730626.189251002,0.9099230152915363,30043442.10089678,0.9080175222018873,30047243.085317235,0.9079942461684385
182,31697939.316595145,0.8994029409677695,32204982.881060902,0.896158878426869,30988366.623352807,0.9038563521667615,30756570.868469827,0.9052892989381196,30893775.452997256,0.9044424082286782
183,28726761.883749064,0.9031005243050803,29730856.512714613,0.8962082295841941,27036030.611420237,0.9141710228188907,27660079.449189063,0.9101630654119915,27897439.282350957,0.9086146119852169
184,33432607.946368042,0.8868560470532892,34204728.17491972,0.8815696197790724,32634507.021188088,0.8921934991874345,32428976.486279998,0.8935471433070861,32854450.46560145,0.8907354575185331
185,29192948.24016295,0.8993682077992162,30140266.495568216,0.8927311885256957,27440554.036362503,0.9110870449863185,28028395.394063257,0.9072367910724529,28126048.774498675,0.9065892747695901
186,28055618.4958674,0.8984715434490383,28896023.572021108,0.8922978792021447,27605209.386967715,0.9017052820881415,27438590.06649512,0.9028882742093557,27709254.63222451,0.9009629315354226
187,30258617.581482943,0.904212030432589,32659991.942730427,0.8884049454521545,30483712.33845162,0.9027815904921213,30376229.183087975,0.9034659506856842,30841300.852913227,0.9004873760271744
188,32163887.132041752,0.8886563898361266,31508517.218790904,0.8931476270032506,31345289.835856527,0.8942518399764465,30889293.04498241,0.8973062111274583,30920436.69985053,0.8970990278674669
189,30604916.34538249,0.8884366296606181,31288013.684748687,0.8834008946467742,30087809.90737874,0.8921747719044983,29868788.503676727,0.8937388656375538,30137754.435533628,0.8918165038996888
190,29293703.759498566,0.9013811052061091,28873108.957318135,0.9041926870412973,28249131.401415735,0.9082889305057317,27662469.352548923,0.9120585844312513,27792490.22088194,0.911229946106544
191,29559836.16742513,0.8943065858129512,29466017.78627045,0.8949764304666719,28584069.260465316,0.9011692724057389,28205405.289416846,0.9037704243207153,28340770.136907667,0.9028445479169172
192,29979660.266319573,0.9088420136911911,33916375.349093445,0.8833297375777828,30977884.759236407,0.902670424656727,30623708.532704286,0.9048832781452847,31680065.16730874,0.8982080482781076
193,31652560.80634596,0.8955781234868093,32805575.55446308,0.8878319646665802,31648943.329938535,0.8956019902501602,31313632.35011784,0.8978024024821148,31610361.898982134,0.8958563664874314
194,28935978.01056896,0.8969160788171529,30579027.024934772,0.8848770461559966,27612290.40761638,0.9061315895880273,28251234.15816607,0.9017371291561441,28543582.90759211,0.899692923694857
195,27467174.181229785,0.9010398135294543,28465766.361124262,0.893713451852235,26508821.376863044,0.9078249505336021,26529853.334525358,0.9076786301252816,26776788.313956466,0.9059520112733161
196,30662473.266193498,0.8840118173478309,31194002.45010235,0.8799556892164049,30000376.428057745,0.8889668178222947,29676863.508085288,0.8913485873635886,30027771.92676172,0.8887639404848671
197,32194681.199448347,0.8749814745590865,31710939.28372349,0.878710186988436,31218828.345516816,0.882445485034615,30957176.96766019,0.8844077242752232,31054216.84961731,0.8836819060536791
198,27234990.25205735,0.8901183650029338,27285312.525610384,0.8897119318017623,26392835.373250987,0.8968087763775292,26070734.013497856,0.8993121234020631,26287318.285894513,0.897632232555719
199,28539457.309599344,0.8937505117482876,26983071.194394935,0.9050230575690928,27071374.735605977,0.9044004061729267,26636277.499570303,0.9074487076632909,26355673.252237055,0.9093884300289679
200,30980230.34799265,0.885018358341741,31414251.47977013,0.8817740936697969,30721591.825066805,0.8869301933993061,30341439.01507691,0.8897111600540636,30602389.86564431,0.8878059289080379
201,30948222.718124293,0.8763645590967499,30741235.7414774,0.8780128183921745,29660702.649893887,0.8864376359059228,29549088.632731855,0.8872907042460083,29546024.085652713,0.8873140812805054
202,33157439.98796605,0.8703654093169544,31143265.57624146,0.8856365588238311,31074830.07875514,0.8861386204855429,30987467.375343375,0.886777932445925,30625327.68768297,0.8894088421927879
203,31543060.784826763,0.8844418623074145,32191467.100241918,0.8796421536351106,30982874.927432854,0.8885099022512795,30927623.192208122,0.8889071880935333,31090929.541278053,0.8877308895330929
204,31441388.088614795,0.8841000445838643,32539280.343090806,0.875864575509662,31461625.83245476,0.8839507949083478,31036189.124491964,0.8870681023746539,31382241.31180031,0.8845356908056081
205,28922646.78468066,0.9014252363315356,28271592.309178676,0.9058131623042689,26764568.091419507,0.9155868405116844,27187411.89497007,0.9128985448257707,26953212.036782335,0.9143927132729265
206,32604572.378130313,0.8780080478886402,32241547.60994698,0.8807094822272117,31047561.468522213,0.8893811460239277,31245781.532259904,0.8879641670262791,31148878.90752195,0.8886580035059226
207,31994407.735194687,0.8677636504300612,32723665.865753904,0.8616667435353678,32692510.66760988,0.8619300238425657,31713287.153738014,0.8700772448890889,32264700.070685096,0.8655199176965857
208,30094118.19315079,0.8764912212993778,28944986.661369186,0.8857434016226078,28010571.85002297,0.893001292117625,28287427.835162695,0.8908756924985497,27956654.728612054,0.8934128160211456
209,29255804.72544121,0.8816161065542105,29137106.98607364,0.8825747808900796,27848829.951153558,0.8927289754433501,27886312.962649517,0.892440019176932,27857152.76929137,0.8926648484663987
210,30772282.20357809,0.9040828579994049,31110535.085021995,0.9019626015213786,29267045.271745745,0.9132369969647743,29698504.323912762,0.91065999498301,29735316.20192126,0.9104383803468259
211,29812880.17498667,0.9045389867040755,29936899.50759106,0.9037431135253863,30146104.55316091,0.9023930880493675,29332745.513119385,0.9075890149478089,29531747.195049055,0.9063308768208793
212,31838083.506147694,0.8779751599732044,32029618.712211877,0.8765025615979026,31211877.09131343,0.8827280388160128,30873710.960278075,0.8852554466057805,31132030.638795666,0.883327283318096
213,34898878.83012996,0.867343546827504,34934930.24982366,0.8670693303583127,33706442.40650419,0.8762539728130179,33873714.31779348,0.875022718838445,33872214.197322465,0.875033788001086
214,27710732.049546182,0.9034010956528418,27768686.329755656,0.9029966188509144,26178829.004804026,0.9137862302164662,26281143.835587654,0.9131110140149927,26301443.70683655,0.9129767339818828
215,30407222.75298606,0.8978456944139834,31443884.294142768,0.8907615463606189,28369976.906041592,0.9110755619803794,29008492.369986843,0.9070277200713489,29037162.596266918,0.9068438529819361
216,30276130.828308765,0.9005483819476717,30877160.499112364,0.8965606417584686,30354231.868011,0.9000346245498698,29574632.011966255,0.9051035849878548,30030144.743024234,0.9021578566536834
217,32402815.9536687,0.8861124791709887,32489888.65298692,0.885499580733397,30855256.419201013,0.8967312427129083,31377532.947738707,0.8932056640676962,31140116.124760404,0.8948156599247575
218,30187531.692168497,0.885256655228893,28874696.766900085,0.8950198566287483,27708025.925268997,0.903331836492911,28037278.799381193,0.9010207821068204,27756263.40734833,0.9029949602535421
219,33114247.237817843,0.87565967589417,33702951.69019227,0.8711993375187708,32826349.191280086,0.877812327810753,32613710.83723497,0.8793901843426216,32768044.27482545,0.8782459925574402
220,29727813.873005606,0.891534159494801,30946348.233600907,0.8824599540602582,28414213.282221645,0.9009080644186005,28691462.50537819,0.8989648682170359,29083317.230675444,0.8961862400988604
221,32187252.73745267,0.8846745179031262,31792389.94317363,0.8874867132367268,30432999.490110293,0.8969027749739912,30608156.619844496,0.895712607632731,30491897.526025165,0.8965033335744114
222,33500859.064540587,0.8670249291468387,33727448.03035285,0.8652200452290391,33132605.549906075,0.8699322812958354,32796390.71264924,0.8725586257317404,32941036.619271103,0.8714320064119999
223,30922635.75918251,0.9045666231844028,30784314.38706395,0.9054184879427597,30878291.155442815,0.904840139381002,29944263.70155154,0.9105099895426202,30292888.993274163,0.9084140893023389
224,30195310.07631608,0.8881299923610594,31389560.85730728,0.8791058850775868,30010143.214437887,0.8894978275658187,29729748.879417174,0.8915530950390392,30231197.210828673,0.8878639192699475
225,30895478.64966412,0.8897544112182342,31223353.900992237,0.8874020539211902,31026824.650326855,0.8888150441710232,30217455.499332715,0.8945401503692534,30491565.35586341,0.8926181686788166
226,29969871.73212188,0.8822314117547048,29968466.382855464,0.8822424563210691,27449089.422930967,0.9012094087551491,28357733.85036014,0.8945606439619912,28207411.375923943,0.895675535253123
227,29036166.31230236,0.9058047345478267,29371842.400899846,0.9036142341820946,28122499.96084094,0.9116394575250286,27836988.943756852,0.9134244941620349,28237906.99443072,0.9109127545766476
228,30104295.247539196,0.8918785654338297,30131526.106653485,0.8916828743449303,29516979.44881801,0.8960561746292847,29321958.136269283,0.8974251693311811,29384880.486287035,0.8969844638029317
229,31726132.41200997,0.8746594833167352,30770819.760600556,0.8820941513800997,29376417.731036354,0.8925380081534936,29533406.176251564,0.8913863790582326,29485261.98393362,0.8917402056961333
230,32862773.100999046,0.8913161570174756,31479420.085557606,0.9002736288513649,30729631.404511698,0.9049676930981635,30589356.67861937,0.9058333204642776,30475111.249817405,0.9065353962250036
231,29401173.52451172,0.8864859884083298,28562683.697413452,0.8928682590606721,28421069.21374797,0.8939279491259594,27994294.623367306,0.8970896158539128,27948809.66443423,0.8974237605024111
232,32044145.355976358,0.8906154834717592,29991953.76028282,0.9041773932646658,29455924.95661429,0.907571949087552,29679630.98020016,0.9061627095226705,29233909.245055113,0.9089599989188457
233,30761048.489391282,0.8811865560493124,32819674.457322437,0.8647516878890635,32291783.394984815,0.869067524993492,31262935.189425826,0.877277889160976,31992093.924748003,0.8714865305372261
234,31070323.674756136,0.8919887997114331,32064901.05865062,0.8849631329398211,30995002.619536318,0.8925118490723726,30563209.383828346,0.8954858360926679,30817807.334516086,0.8937373337495896
235,30342037.293797687,0.894048968654738,29932213.97918159,0.8968917548560894,28577497.84776641,0.9060137948983825,28756331.656104445,0.9048338104360879,28643579.063595604,0.9055786340999155
236,27163567.458678585,0.9120524271774698,28945576.218631376,0.900134692271033,27145492.97091641,0.9121694278971392,26954125.357071243,0.9134034214438761,27478912.398235716,0.9099985876276239
237,31451858.567433797,0.8785488919937134,31270372.435864404,0.8799464627170932,28965104.75782011,0.8969948212226743,29765813.468820583,0.891221174626747,29460687.57808294,0.8934399022466581
238,30984804.955936715,0.8864958495808496,31372692.60543421,0.8836362262014095,29798479.01836948,0.8950210067635531,29782836.232085217,0.895131195805449,30008439.29967692,0.8935364295856437
239,32963091.99791964,0.8809321549727052,33455596.369563766,0.877347569064366,31277327.913819537,0.8927992324093277,31961397.647935376,0.8880587548665593,31957941.74823072,0.8880829613674962
240,32265830.26338347,0.8872813470853457,31963729.332975645,0.8893822070611843,31033975.433092102,0.8957238653324265,31190873.181342483,0.894666827187709,31023877.92596899,0.8957917108277217
241,25372124.982816063,0.9272778984086769,28929711.98221576,0.9054544795696993,26085026.37451713,0.9231338202317796,25918867.245304164,0.9241099617964453,26960199.529180776,0.9178894538142135
242,32788583.153596345,0.8826326624141856,33288158.525959443,0.8790289378344579,32435338.512743164,0.8851479314324562,32060027.444650777,0.8877904730478485,32280098.367804192,0.8862446971800318
243,32093713.912636902,0.8985245321668217,32529700.663908865,0.8957487568977107,31603581.456309915,0.9016003142505032,30993316.907993015,0.9053638155003061,31277353.643647123,0.9036212899149981
244,31447667.493762646,0.8838172479064001,30937573.537523694,0.8875557430181443,30178704.711639766,0.8930043865246088,30140716.079546943,0.8932735868621569,30022657.952574674,0.894108022520243
245,32588965.270559877,0.8797961616911043,33179224.853771,0.8754024037199384,31235381.984274834,0.889574128479213,31319522.806229725,0.8889784041863513,31481588.14129507,0.8878264514766993
246,32700399.9418774,0.8827539302543984,32498653.020100605,0.8841961796623928,31295675.912636712,0.8926107433337813,31030140.98509246,0.8944253470628927,31328880.97706563,0.8923827400205346
247,28193255.42532023,0.909025090195829,28636914.933263168,0.9061393320327702,28218843.44240831,0.9088598787727195,27717078.56866717,0.9120722241895165,27862985.40753463,0.9111440577260016
248,29804776.249256376,0.8982072136751402,31334489.159537524,0.8874901596764011,29181109.57735502,0.9024226828010354,29193761.728745673,0.9023380506095812,29562753.937390257,0.8998536678871394
249,32464963.80273161,0.8856538644206657,32281931.52686531,0.8869395603657525,32022299.39407581,0.8887508572299707,31348435.43344454,0.8933837539551791,31561295.487808064,0.8919309612776137
250,29327807.053680897,0.8978593254841329,28791320.08633486,0.9015620192954523,28002954.55288174,0.9068790813265128,27693879.45207452,0.9089233316227369,27741834.874498066,0.9086076371998395
251,29900022.512147084,0.9007782175605143,29693516.29606882,0.9021440464625673,29782973.2810564,0.9015535414637491,28774269.601230484,0.9081090776530044,28873494.89916151,0.9074742309388503
252,32183737.272138137,0.8640818950640373,31214358.228602003,0.8721463347948153,31465757.039932188,0.8700785879419004,30902613.552242924,0.8746873875612954,30895569.54256935,0.8747445091151139
253,28466327.393360835,0.9100752735336852,29380279.028789207,0.904208256541144,27874161.440305304,0.9137776475570445,27689805.711067785,0.9149144006127311,28024670.144803096,0.9128440050987471
254,31855974.19800304,0.8816739578353147,31153984.81597307,0.8868314466735089,30205143.716596495,0.8936199061094836,30170526.374765463,0.8938636053842974,30070601.506724723,0.8945654892094765
255,31321352.455216795,0.9011573760132608,29892221.17486337,0.9099715803046939,30116881.850717593,0.908613243559383,29446741.718753763,0.9126349465128354,29286682.735509876,0.9135821180302427
256,27597349.37833487,0.9099064304697988,27997269.27147274,0.9072763755707699,27104530.74313877,0.9130953857261495,26837583.152845018,0.9147987715055703,27044798.367175497,0.9134780006634337
257,36024868.0788035,0.8651071874632562,37184201.048683405,0.856285389991759,35078151.24230909,0.8721038697811331,35133566.323839486,0.871699460061133,35475280.97139529,0.869191580197531
258,29756010.872161515,0.8878605460189333,28663124.63844268,0.8959466458938222,28182365.72654373,0.8994078912051743,28017832.164269175,0.9005790111170918,27864488.28725785,0.901664311335725
259,31936569.46180672,0.8839301283588769,32314359.657485127,0.8811678141822353,29876275.08770746,0.8984228844546325,30439053.407141253,0.8945600327780485,30511535.084151074,0.8940572862115996
260,28941122.547315434,0.8964854930897704,30718674.207966853,0.8833793630057714,28027098.75457974,0.9029206721247125,28333221.209687736,0.9007884172743422,28772264.447262958,0.8976898880622164
261,31600068.059756022,0.8879635063207231,32642164.552221738,0.8804522595155297,30645396.593524337,0.8946307315748416,30803213.722786535,0.8935426795102575,31144995.376537904,0.8911671470180522
262,29980009.59898108,0.8942139501027699,31519734.970017057,0.8830689149275043,28846833.25871719,0.902059762238001,28990375.72859804,0.9010826316523544,29489715.34125302,0.8976457155893562
263,30293762.805924214,0.8962314564906896,30974298.61924465,0.8915168613548641,28553238.772395115,0.9078129253411136,29050557.923371598,0.9045736671009357,29180096.141011573,0.9037207459875699
264,36814306.55004858,0.8447341862776527,35325768.25565786,0.8570362846426601,35539540.765000105,0.8553007705861878,35060235.08259365,0.8591774375654094,34720934.34453003,0.8618899119318364
265,30719678.384059668,0.8754036687779496,30467164.5948761,0.8774435978626176,29152415.02420274,0.8877927285820503,29244992.97587683,0.8870789343008324,29310217.112167604,0.8865746844183076
266,29733731.86988674,0.9091321974043598,31864182.692268763,0.8956441616915422,29198690.56444764,0.912373001571907,29293349.713764727,0.9118039252027306,30004644.889192764,0.907468805902423
267,27184940.535022218,0.9170057025647084,29860823.767997336,0.8998628914612498,27760912.594334655,0.9134516175239394,27214392.953674197,0.9168257715529615,28002881.18410804,0.9119363030065066
268,32852784.40374739,0.8677183228680159,32601021.976997577,0.8697379962824493,31866275.990382306,0.8755433945051049,31577904.977937784,0.8777857203502313,31690752.40217411,0.8769106648593499
269,29555105.965323057,0.8977975331792335,28615486.845112108,0.9041926969710403,27344530.389789462,0.9125142588632216,27533089.365147956,0.9113035525349522,27311692.847957466,0.9127242527221097
270,31394527.567352816,0.870758742588709,31673346.40817038,0.8684529322667229,30126479.521416947,0.8809881956966598,30408112.67742209,0.8787526648152182,30263502.220298298,0.8799031433607533
271,33835659.59375529,0.8543127847089269,34501962.236832835,0.8485184504449008,32692463.991479103,0.8639910599206624,32838635.832044184,0.8627721171374367,33055635.79951144,0.8609525022617697
272,35495262.63326579,0.8685389945244648,36001668.844010636,0.8647611629830263,32879632.391174108,0.887199748384115,33913523.93834155,0.8799942651309532,33932375.58488087,0.8798608119115812
273,28854589.553823475,0.901568044776187,29796594.651085775,0.8950361925948328,29340906.98921186,0.8982221249673579,28729076.183967035,0.9024225123928817,29057326.173802935,0.9001799905165961
274,34428556.55823081,0.8610376472810687,36716467.92833249,0.8419547963301931,34277451.55674462,0.8622547663991693,34545741.733944975,0.860090059406359,34986388.29626029,0.8564980666812406
275,32834811.182436608,0.8820829121007813,32123830.865989357,0.8871342010674238,31933272.27950947,0.8884692694659571,31431336.0491477,0.8919478574965736,31523701.220737904,0.8913118731514031
276,31612606.67557644,0.8830443175129784,30911741.05241859,0.8881727499727254,30549147.000238314,0.890780825829366,30379872.60351172,0.8919878505827133,30267806.2953058,0.8927832585948761
277,35407023.04464502,0.8609757813143271,36526231.65738971,0.8520478181406171,33541590.53184242,0.8752389728874239,34377706.51683183,0.8689414269437977,34545923.813221805,0.8676556950152772
278,34426814.98357404,0.8611586560161567,32895723.71119178,0.8732336433366015,32204828.555040807,0.8785025673886474,32223168.707728684,0.8783641461610717,31997828.285171393,0.8800594254865689
279,32255427.52383672,0.8568841728011607,32800130.601358555,0.8520097152117122,29588029.31663808,0.8795756971844805,30741179.006538328,0.8700060621983745,30687242.53710419,0.8704618198104214
280,32260761.27908935,0.8815431354346284,34073236.89672241,0.8678589371814709,31215010.067850884,0.8890983599291342,31801270.218196698,0.884893474672079,32120709.7897182,0.8825694007173805
281,31604736.963399228,0.8943352806329186,32738882.085691858,0.886615592470285,30416643.22167414,0.9021303104067502,30497863.29970181,0.9016069392602964,30888978.07473431,0.8990671063072682
282,30171279.442164786,0.9014431074390931,31354025.977648392,0.8935645807534267,29141625.620574586,0.908055216053412,29484006.923722316,0.9058820288969761,29722970.39146101,0.9043502222521003
283,30412839.10116956,0.8952265103661354,31435319.92109174,0.8880631066590909,29651725.646844313,0.9004050250706329,29701522.461344738,0.9000702265480147,29966065.215743218,0.8982822087752284
284,28291394.666045673,0.9015217318152134,30493377.27733697,0.8855955961454157,28521348.453222457,0.8999143538377994,28351263.31010448,0.9011045025769986,29048596.906232893,0.8961797647863903
285,33382146.020789295,0.8797555923823001,32056044.605308466,0.8891192258082383,32606689.70903977,0.8852771827374182,31814084.71685709,0.890786770772665,31802433.62612774,0.8908667492006003
286,33640091.93950802,0.8767603279355205,33949691.46813052,0.8744814685340297,31765222.563850388,0.890114600605816,32071444.221189976,0.8879857641887514,32172608.463879846,0.8872779876702149
287,29655997.54493793,0.8959107337384755,30829231.254962828,0.8875119821988774,30944316.29484162,0.886670582623709,29599000.789780237,0.8963104538455992,30239320.712098192,0.8917756626987143
288,32627576.674497608,0.8754852922966991,32013651.037929405,0.8801269849553657,32153267.533257686,0.8790791354041799,31367595.4584689,0.8849163911666668,31463359.358045805,0.8842126280574595
289,31233186.23555894,0.8930612006534533,32134141.4460382,0.8868026853869718,29835229.638390917,0.9024198476144658,30462898.80733006,0.8982709057316158,30557154.211695462,0.8976404108522348
290,30843588.20410523,0.8804228660917203,31760076.7198599,0.873211041866932,29017688.949703522,0.8941614236345483,29850607.35330718,0.8879982802355935,29806153.40772237,0.8883316209250608
291,27142594.815985598,0.8987930576893809,28552484.077864777,0.888005840990317,27112965.23760136,0.8990138974661095,26763397.96214269,0.9016011368789463,27277031.54105695,0.8977880229887983
292,28338714.224189248,0.9039733252322383,29754490.255791754,0.8941388430947852,27950694.441992857,0.9065849583115143,27576521.18178454,0.9090692938473097,27989620.16846211,0.9063245869356581
293,30559902.67571883,0.9048197512638472,31785633.76361778,0.8970314369687673,29792212.723232787,0.9095416998661682,29781321.88758494,0.909607823616039,30163364.392100178,0.9072737998337922
294,28335179.92756851,0.8965090642182498,29054375.962523796,0.8911888329317172,27662994.834331706,0.9013609784270187,27556848.81204619,0.9021165041604224,27886061.6012893,0.8997637687837394
295,31204908.758637585,0.8828136955569849,30668237.921521652,0.8868098404284478,29264401.09443575,0.8969352140421479,29298445.566415366,0.8966952756157034,29285741.622517265,0.8967848430225133
296,29386697.57086318,0.8931603162202149,30805443.051141787,0.8825951750017944,28359471.37142372,0.9004990357731765,28852106.0129104,0.8970121325299366,29084721.874318402,0.8953447890906864
297,31091433.732812222,0.8937421921138863,31796241.832988597,0.8888700967213875,30316522.839917175,0.8989728433697666,30423524.15293134,0.898258439852604,30616462.197155956,0.8969639112424086
298,30320306.200708613,0.8977681102593913,31339614.021904994,0.8907789091354044,30855090.34388944,0.8941300110513921,30075561.45530543,0.8994118756198533,30442691.888831124,0.8969411415994736
299,26235901.719656035,0.9028516890488728,25850514.597963348,0.9056848088490903,25776529.95549774,0.9062238998808341,24991481.58751055,0.9118489945005788,24965878.201244075,0.9120295206629196
300,31436519.537026696,0.8835682499756256,31824414.60879186,0.8806772214781973,30874596.54432747,0.8876934483990238,30523544.21209424,0.8902328394972219,30763005.201727107,0.8885038097975685
301,32922823.319957804,0.8870865892343114,32007472.761637397,0.8932779515232325,32336789.30762838,0.8910705834344073,31753975.18602849,0.8949617238386794,31635528.706451483,0.8957438753588471
302,33332948.64660611,0.8767302968986103,33487677.296122942,0.8755832262738675,33032289.782784887,0.8789440213114623,32666898.939564474,0.8816073609325814,32832421.839568447,0.8804045322752022
303,33051741.367473975,0.8796074324134606,34349611.77926011,0.8699666799406582,32552907.174323656,0.8832140642625649,32514979.764796942,0.8834860404425601,33005976.95746698,0.8799405997537908
304,28806703.49514352,0.9128100699063177,30710607.680865277,0.9009040228159073,28737821.833538163,0.9132265428872395,28509868.874502636,0.9145976848147298,29114519.808329135,0.9109367646042703
305,31917754.084322587,0.8892003997966965,31973018.745989226,0.8888163750585054,30659151.10527689,0.8977663664799327,30555265.461133156,0.8984580107705551,30751655.445099164,0.8971485201744575
306,30752148.57846988,0.8941583010589068,31344944.218223218,0.8900384440520089,29313632.569027174,0.9038287737493231,29698200.868978105,0.9012888629526825,29883308.94944652,0.9000545003504006
307,32548041.78991423,0.8789924041028009,32641434.098751675,0.8782969771729112,31703163.256437205,0.885193071778844,31669193.707404833,0.8854389683903158,31655839.324854188,0.8855355650571223
308,28001518.939781867,0.8901131721062112,28703533.28076764,0.8845342513182451,27090128.645745516,0.897149930116637,27112028.3749156,0.8969835743843765,27335075.824030902,0.8952815941837221
309,30693820.286102396,0.9004425231578685,29850228.961627286,0.9058398107258048,29932646.71973347,0.9053191322941674,29159493.94857077,0.9101471297138594,29191461.823354036,0.909950008334723
310,31847072.16653046,0.8800530736145614,31107770.136732735,0.8855573614795686,29951821.274512988,0.8939045959992961,30299819.175163526,0.8914249162259793,29951769.84856177,0.8939049603212074
311,29166017.059037797,0.8913038136101227,30217571.630171824,0.8833246327106768,29213816.405907016,0.8909472435531741,28672636.16743965,0.894950182088166,29130905.292530894,0.8915653658019302
312,33629353.12709891,0.8583757189905329,32323856.078030303,0.8691580464704711,30944919.865014426,0.8800833698407288,31667099.61280024,0.8744209286066766,31222699.993880514,0.8779208200957003
313,30874764.098116327,0.8780961281026273,31278389.037624914,0.8748880025027572,31702626.561322313,0.8714711286728726,30467976.42346041,0.8812872336133001,31020940.401068676,0.8769390899282888
314,32831054.757579915,0.8921969122518345,34878531.80566257,0.8783315655527463,31519152.216507033,0.9006402283926478,32215303.88893616,0.8962027149242142,32628745.447289824,0.8935214125924331
315,30421632.565541822,0.8916988128428724,29855121.131913703,0.8956948242390987,30559455.4610356,0.8907152893853584,29500309.581482414,0.8981593104588096,29682004.69523256,0.896900954888012
316,29167014.272243775,0.9012246425333281,30037243.754501916,0.8952425738233902,29068888.987569418,0.9018881356281412,28524639.951818455,0.9055275878297051,28872124.39738665,0.9032118603927387
317,29904513.628982924,0.8932868503096909,30785789.39399953,0.8869045742559436,28612735.33947159,0.9023070537717285,28652988.743196495,0.9020319846649064,29095281.450513154,0.898984137326272
318,29352019.278679002,0.8768708164496986,29622009.471080862,0.8745952274940699,28303797.788996235,0.8855081804416618,28400108.373026695,0.8847276820268256,28404253.103250604,0.8846940337380772
319,35997248.67180089,0.8477230423027091,35627648.16084811,0.8508339859736863,34686890.65320462,0.8586075181517463,34352504.12984508,0.861320465196681,34627940.1051307,0.8590877042574756
320,31439253.519045167,0.8820278666920354,31525686.559597995,0.8813783152269444,30780904.26785466,0.8869168936887464,30478873.562023904,0.8891252110986306,30474975.553872753,0.8891535693116146
321,30507396.70689302,0.8729944785500517,31996520.28673347,0.8602931170145163,29905678.310113486,0.8779551051126708,29933658.697005022,0.8777266226919775,30359689.879938893,0.8742213396211735
322,30031384.065589994,0.8990348712016765,30029053.377989147,0.8990505420773152,28043073.06222404,0.9119616459756557,28366901.27003701,0.9099166555182067,28445400.41633406,0.9094173940774746
323,28910460.27984171,0.9060145940108676,29123815.416728966,0.9046222771518067,28895328.793122057,0.9061129505739353,28133954.464995142,0.9109954989205149,28442908.600080214,0.9090299525863308
324,31725449.26184616,0.889413820594214,32198590.95156709,0.886090741142413,30955032.804106615,0.894719526482122,31084755.165979292,0.8938352858965222,31172135.79884217,0.8932375794953469
325,32042569.253640547,0.8891259228223501,31965158.16079184,0.8896609932653375,31308234.412299573,0.8941495987748791,31003350.434593875,0.8962011329411549,30952214.22782924,0.8965432574474546
326,30355836.171600733,0.8857128155684897,29683615.679104358,0.8907184784687638,28609092.060935464,0.8984870886180762,28672277.42222985,0.8980381954469396,28728653.191929895,0.8976368442607839
327,27906460.20114234,0.8974136793159876,29150501.24885612,0.8880634276495832,27513836.70072534,0.9002800020546112,27498851.7848094,0.90038859387915,27807271.272625044,0.8981416357614627
328,27382341.323566675,0.9164153506153729,28360452.624090012,0.9103373271153754,27266455.84329322,0.9171213348422591,26955184.546951227,0.9190028039520337,27264167.09022928,0.9171352479697035
329,28483117.62791784,0.8971821971843769,28880082.983802427,0.8942963106374633,27877567.239449527,0.9015075328963141,27456205.831546977,0.9044624024504208,27740971.167150617,0.9024703660935485
330,29483192.110174764,0.8984582719277173,30791297.452606164,0.8892480137113239,29913964.272940487,0.895469389511824,29356041.946503792,0.8993322076261602,29815025.233304117,0.8961597062493498
331,29197034.54896753,0.8960605490072819,31031554.70701236,0.8825886719767332,28089694.621963315,0.9037951500445531,28464484.508593675,0.901210775245594,28927411.077563025,0.8979713675661045
332,33730818.494764484,0.859425873758991,32726778.294900507,0.8676700518973164,32171468.296351507,0.8721227175943709,31994489.446999945,0.8735257822402436,32025760.999224376,0.8732784285232004
333,32623767.280569352,0.8706947882765149,31948764.368653435,0.8759902187341221,31530860.636263493,0.879213204677289,31314727.56854581,0.8808634321844679,31326617.139174104,0.8807729475050594
334,29638243.404402208,0.9018393998276566,29084646.493094,0.9054721318556048,29061105.728404768,0.9056250893792507,28367805.83773697,0.9100743106146902,28473749.073726036,0.9094013781695504
335,29601067.115797736,0.883423310963021,29489175.87774048,0.8843029587945881,28494854.559292484,0.8919736081723332,28357388.791632533,0.893013382641021,28369660.567021195,0.8929207648169832
336,28738238.21445594,0.906863742397247,27902469.364066716,0.9122021699481463,27574047.734096892,0.9142568274689108,27319134.511026185,0.9158348357384167,27180992.44336239,0.9166838636512159
337,29864143.904171668,0.888533511144772,30215140.748457715,0.885897955761431,28618436.73973115,0.8976386520823159,28787713.05955103,0.8964241484708919,28939801.09594705,0.8953268567783549
338,31573156.99382955,0.8975642715047285,31865832.156998273,0.8956563629048746,31070919.78473244,0.9007972613491338,30734464.2716279,0.9029340885362768,30906975.733156,0.9018413753788591
339,28570128.998924024,0.8948595714237779,28987343.36131528,0.8917663835114125,29610027.170552894,0.8870664572734298,28379252.700436357,0.8962597594458261,28777997.629515946,0.8933240583062031
340,32512568.779121075,0.8640145494011644,32542824.59962475,0.8637613386631078,32361597.17865987,0.8652745098814676,31692639.73724952,0.8707868528107942,31892343.293419067,0.8691533110743022
341,29485117.522515092,0.8994702389111031,29297036.64027194,0.9007486751562128,28745789.769611426,0.9044485208660455,28263941.433661323,0.907625016633617,28431658.528484527,0.9065254650443706
342,26546185.694982648,0.9154426299854527,26236361.60589485,0.9174048727558798,25418660.871299382,0.9224730775265833,25045881.212660372,0.9247303591901539,25088679.88154094,0.9244728962706195
343,29454139.502742037,0.9025615273136033,29689599.389619913,0.9009974309872397,29684109.306045182,0.9010340419308183,28768246.295090806,0.9070467528784069,29064463.915095765,0.9051226768786085
344,30477003.1569984,0.8881268357419476,30267039.24520835,0.8896629720256733,29813486.96622319,0.8929450015472852,29271563.519717958,0.8968015336793893,29323685.94628652,0.8964336856484244
345,27305312.088756897,0.898245579314778,27872493.27439378,0.8939744252643628,26679610.52432605,0.9028555559116608,26638439.24962259,0.9031551460860651,26804755.57434938,0.9019420748966887
346,25710706.714600425,0.916134349557128,24901063.412080906,0.9213331284315718,24996407.037716687,0.920729560324335,24363344.043551084,0.9246939467402024,24330922.544438537,0.9248942403123146
347,29413728.211763605,0.8892450896082158,29493072.388714314,0.8886467560866143,29109116.074542016,0.8915271938003139,28629466.596035924,0.8950724933482095,28863323.92069748,0.893351309724863
348,33108454.03136762,0.8671239805385015,32660969.2738237,0.8706915388931704,32121790.885464165,0.8749256351712762,31836405.068041936,0.8771382070936788,31928567.480539575,0.8764258384141889
349,31157111.78649943,0.8932907723062905,31687346.520725325,0.8896278917854158,30119701.270535108,0.9002784748237058,30155868.222461633,0.9000388450249591,30390491.784641914,0.8984773260900618
350,30969442.60204914,0.8957282120090851,30815205.881943673,0.8967642326410664,29043919.260281477,0.9082913111373193,29470662.403769083,0.9055765557764119,29312164.00186223,0.9065894763556936
351,34070105.65999641,0.8694559122436377,33744188.6545137,0.8719415538799018,33962764.504391834,0.8702771999209399,33241178.39153621,0.875730924070814,33389650.606343824,0.8746183456029841
352,32972819.22981316,0.8719219978026436,31441506.35304605,0.8835420687601219,31141081.641267464,0.8857569556541275,31006407.133628335,0.8867429430482444,30770885.44289201,0.8884569878249264
353,31224603.732953783,0.8911999170549255,32002672.080504365,0.8857101037675694,31182377.914991498,0.8914939842673331,30665231.571574982,0.8950631912321408,30912327.834262673,0.8933652447243441
354,32981772.579416066,0.880291471875568,33388448.320827767,0.8773211833626055,29448596.475329656,0.9045653011025488,30709320.17308199,0.8962190814635259,30523352.90332,0.8974722135184323
355,32448473.399685796,0.8948291559689835,32098183.219416995,0.897087595853722,31864818.93234992,0.8985785697997539,31358092.243231818,0.9017786074575435,31485274.44283118,0.9009802588069556
356,30542815.873074315,0.8933446554349831,31878895.159275286,0.8838093990499858,30550535.097323354,0.8932907376453982,30055921.840728234,0.896718013986454,30677297.955443908,0.8924033663276247
357,29236461.561879262,0.8985204392141778,29238954.20753056,0.8985031345640591,28358132.310359437,0.9045261999530494,28109849.79636668,0.9061906752820316,28160767.243519183,0.9058505199691874
358,32664474.021287546,0.8822248153884761,33263090.672831852,0.8778685103561876,31975447.941752408,0.8871411217534411,31750963.273967635,0.8887202179983841,31853703.141325727,0.8879988939111625
359,29140902.311305042,0.8880528122195113,28636844.893581174,0.8918920747706744,28015215.41515343,0.8965346025167025,27654888.681908038,0.8991789937935163,27730784.56845366,0.8986248494867345
360,28758175.966931287,0.8922436687346855,29510183.569821805,0.8865344701968696,28031055.384806287,0.8976237960359957,27944343.114033125,0.8982562047954845,28231564.663244713,0.8961539408469585
361,30096663.937115163,0.9064391304369673,31216956.641832836,0.899344234962183,30996682.33484588,0.9007597255305402,29861297.2607095,0.9078967673680766,30397535.789200153,0.9045591521775945
362,31293161.10841363,0.8776448435900343,30961964.375599656,0.8802210731627585,29144799.931020275,0.8938681923528596,29679565.90014632,0.8899377229426143,29555589.794370294,0.8908552965839904
363,30876596.96710022,0.8913039108482588,32214153.88032843,0.8816826270091234,29452780.825433835,0.9010974083996306,30053371.077846028,0.8970227124600411,30274866.693197995,0.8954992181602929
364,34129691.01144744,0.8776221755111006,34651087.51692955,0.8738545023722513,33627403.17968148,0.8811977468341928,33316633.736074563,0.8833834351154948,33577017.89332451,0.881553492478155
365,29446556.477626543,0.9006919876899209,30125807.368027788,0.896057621906732,29256302.0623737,0.901971101692684,28496068.29377403,0.9069995296184503,28870343.634497166,0.9045404977294805
366,31352693.913670234,0.8932589988485959,32254153.557711586,0.8870326749798271,31178485.708109893,0.8944418954267248,30727184.710640464,0.8974756348223597,31108101.005587127,0.8949179473876212
367,31572479.55638634,0.8887864972124349,32085267.190109335,0.885144589440294,31486105.392759573,0.8893941677970059,30913608.994384486,0.893379784211453,31236804.524755117,0.8911387447352327
368,36065885.382958986,0.8801884252948162,35520849.08863572,0.8837823051550433,34289687.69353322,0.8916989570032547,34446184.47642908,0.8907081377393222,34377138.691422895,0.8911458395975844
369,31983932.223802056,0.8858928773555798,31559675.47740087,0.8888999897915789,31211803.54739251,0.8913357290141226,30803997.194664236,0.8941567439384888,30882934.079243213,0.89361359093014
370,28672345.237139408,0.8939703608156021,27164249.707719997,0.9048308309987401,27051930.011551894,0.9056162215665196,26937850.51827907,0.9064105863721827,26588196.82533366,0.9088244022649452
371,29331123.775360644,0.9061160454357174,30692124.304030165,0.8972012423177612,29476953.708168358,0.905180170907873,29031748.729289435,0.9080227623793062,29558608.182528075,0.9046541201411027
372,31179570.091327336,0.891431761952967,31897393.825170383,0.8863752488261741,31324085.531159397,0.89042301505634,30656134.71937188,0.8950464009263137,31056223.726354294,0.8922890546671687
373,33434388.424951013,0.8849679766865146,33917477.869509,0.8816197937849011,31448217.637510546,0.8982289947584482,32167625.506831393,0.8935195201120821,32076033.05680358,0.8941250309669544
374,32248322.618448116,0.8783585401569067,31987670.23470237,0.8803169676885724,29746161.65789366,0.8965026496916642,30603203.340711962,0.8904528358235682,30359682.1843139,0.8921893149858737
375,29188353.505305238,0.90985813372874,29554492.201938853,0.9075824706514495,28341749.16887161,0.915011404806258,28028761.317106627,0.9168781575551247,27977034.215095807,0.9171846773095444
376,34039682.959444225,0.8799630102330877,32369692.766781706,0.8914521470522764,32238557.511935018,0.8923298580237548,32147673.755788367,0.8929360683861911,31781403.53765234,0.8953618076962968
377,31759470.9427014,0.8895498780195492,31908200.067372724,0.8885129832904286,31326863.331294313,0.8925383496019306,30665079.0631404,0.8970306766359152,30951398.042808186,0.8950988565236722
378,34721842.718215406,0.8829995635834239,34317629.88930008,0.8857078183044237,32226596.180046204,0.8992115364057198,32714728.068403862,0.89613515434033,32573909.027243994,0.8970273927936115
379,30930551.974079173,0.89157572120222,31276704.16224498,0.889135330686764,28470914.93842797,0.9081341603029262,29598650.249050923,0.9007123994804468,29206483.419455215,0.9033259885196261
380,33971367.25349898,0.8784834965747608,33667754.212112755,0.880645854548499,32494506.33595112,0.8888193781992114,32544802.704576593,0.8884749317113784,32529600.4551964,0.888579098016065
381,26854148.46873873,0.8982387249032485,29439284.37468334,0.8777034329390948,26627144.130188465,0.8999518766037102,26713720.62926504,0.8993002184387795,27482584.42507144,0.8934201976868763
382,30340251.80138122,0.8823227412298361,30097709.821828883,0.8841966606327812,28330753.148048792,0.8973945518398587,28708183.04573815,0.894642466492584,28704836.922302056,0.8946670252580144
383,34230226.59506273,0.8725253538251788,34315243.67088598,0.8718913539233456,33168704.237644788,0.8803090597560745,33016293.36905353,0.8814064971714669,33217094.198847137,0.8799595697800475
384,29419256.382281937,0.8879898277581254,29246872.17653111,0.8892986449311948,28205857.41914589,0.897039013415866,28093354.202988572,0.8978587254937688,28148592.11457426,0.8974566647469113
385,31198033.533810534,0.8920222065687584,30933393.492624015,0.893846299209358,30683381.53469859,0.8955552901176984,29980040.816635408,0.9002886843276119,30170758.77376443,0.8990160225582622
386,31198457.02750463,0.8945347691690153,31346207.78291592,0.8935334718453599,29969937.95208443,0.902677162263943,29881631.40450357,0.9032498416153186,30024270.355076715,0.9023239698915352
387,30965792.495158616,0.9019748177096989,31512675.08414017,0.8984818246222491,29144896.613122273,0.9131643022520641,29555837.157477606,0.9106982868650401,29581346.856465798,0.9105440673849468
388,27835392.79641879,0.9054715007358356,28558570.035458874,0.900495901214778,27401927.848769348,0.9083926560126521,26914105.021697193,0.9116253025138049,27148145.89609536,0.9100816345522158
389,31890507.46811891,0.8906104736481819,32915863.073462628,0.883463122965956,31488394.226283815,0.8933517067369341,31194853.34151468,0.8953308305727573,31633599.653691877,0.8923658440269295
390,32499251.06991713,0.8823505616035263,33189715.522596247,0.8772984038057877,30015131.297049783,0.8996485510936421,31193502.95833182,0.891614434478027,31134403.01645073,0.8920247450834148
391,28756708.56749834,0.9010460008489218,27995254.516294435,0.9062170609875994,27844733.05423765,0.9072228311311529,27409560.813516103,0.9101001117196466,27397273.875822574,0.9101806928536629
392,30532253.93182622,0.8971045719253972,30885496.606469646,0.8947099033368574,30851968.916056156,0.894938374178339,29663543.061082896,0.9028764848673017,30123580.600492775,0.8998406420706232
393,27157997.10604592,0.9153397120562496,27356762.324545536,0.9140959458397896,25908720.726619948,0.922949368009178,25779983.172433462,0.9237131776963557,25958383.477083344,0.9226536981627549
394,31841685.342848904,0.8889034813376396,31400059.804065518,0.891963798115751,31072316.354332607,0.8942073204782407,30548537.47720052,0.897743905060445,30689848.93085017,0.8967956842990008
395,31097940.914668936,0.8774784339832176,32224066.83673634,0.8684442089727465,31829775.58611574,0.8716439261897669,31097026.236121636,0.8774856412899784,31501027.826014563,0.8742816363424211
396,32058491.865596864,0.8841286525983639,31796246.72865879,0.8860166024581672,31251508.41420639,0.889888710189235,30945816.455026146,0.8920323193415529,31140259.754465148,0.8906712599491629
397,32990103.01317507,0.8899604941393559,34194511.14695884,0.8817791474724204,31932021.753150407,0.8969058265393086,31973953.246193826,0.8966348928069476,32324346.947729588,0.8943569801322169
398,31642945.81098067,0.8900808580123105,32983757.066811133,0.8805682596287453,31183590.449437164,0.8932490494900408,31145344.332700156,0.8935107451774091,31438851.089748118,0.8914942262999829
399,29510248.551760226,0.9066008789286403,32210239.328165036,0.8887282398422112,28045788.46162539,0.9156408174811725,28927415.08841311,0.9102537502837196,29469441.13563199,0.9068590090196393
400,32326709.54429986,0.8847105676281193,30523563.322796583,0.897213290714426,30647097.24269153,0.8963796174166027,30380711.699949022,0.8981731320638103,29962878.011680838,0.900954773154008
401,27969368.35259871,0.904198873506881,28227482.58810256,0.9024225206610066,27471176.36978548,0.9075813089912997,26921890.998765804,0.9112401781714017,27191255.016170565,0.9094551393613718
402,31114169.59438373,0.9030723913940158,32710232.634041913,0.8928731501249366,30468462.793535236,0.9070536893280545,30605752.707916524,0.9062141759907738,31172785.059248377,0.902706846787706
403,29369599.33047198,0.8989684301948876,30128125.721164547,0.8936823698916176,28809947.70597378,0.9027821533341748,28651559.114757825,0.9038481650157887,28830275.30128099,0.9026449158601719
404,31576699.305348407,0.8894162233623568,30791909.97192584,0.8948446891682708,30543669.45400214,0.896533352588624,30188584.89550147,0.8989250660267037,30052848.13413914,0.8998319479223552
405,30491014.975922696,0.8926579003237678,31995283.995191544,0.8818052293325092,30190831.816198107,0.8947610560841308,30041291.045990087,0.8958010100290875,30371775.29212053,0.8934958134580999
406,29643897.95911442,0.9030868926114398,29895033.2244677,0.9014378926863552,29178363.802889057,0.9061068802802772,28702812.981633916,0.9091424917686391,28860527.72963521,0.9081412702008991
407,32593047.389035765,0.8820808460988756,31583281.662794266,0.8892741749538945,31041634.04465775,0.8930394647746366,30917841.466561835,0.8938908708769582,30795614.043569684,0.8947281744374344
408,33695735.984276704,0.8782837499338311,33403456.619865954,0.8803861439851248,32139464.858996075,0.8892672838371658,32265084.48244089,0.8883999771332466,32163390.09633658,0.8891023593354911
409,29900986.55768373,0.8888829227609986,29601683.023924932,0.8910963134012945,28960748.340908892,0.8957612167110558,28715633.967400953,0.8975182361439602,28844377.998672828,0.8965972401242936
410,27379695.29631862,0.9098816123053899,30358792.759270307,0.8892037180162504,27415938.87245823,0.9096428679061199,27464120.41639633,0.9093249964903184,28228196.49151803,0.9042094966100074
411,28121825.52631706,0.9025503334051966,29762999.419425286,0.8908442217344767,27767008.777134735,0.9049938905661283,27604840.624395113,0.9061003816976163,28075181.396207314,0.9028733341488798
412,30010433.13690106,0.9000650123274291,31888005.91518544,0.8871691759755235,29522701.268278223,0.9032869187177834,29539809.13063028,0.9031747993382585,30134529.516052842,0.8992368196132923
413,28182929.19083613,0.902821217465059,29157622.215457514,0.8959832202763222,27678997.07352004,0.9062654077742174,27300626.081423864,0.908810589447215,27745209.37542485,0.9058164170538285
414,31117157.457810137,0.8906003885016467,30864996.349869903,0.892366266567539,30700618.10395127,0.89350966740207,29674770.55312422,0.9005074220307564,30032298.029176246,0.8980955674610762
415,29373421.926241413,0.8912265014436039,29844591.11201313,0.8877089154661445,28516249.566897888,0.8974823071700219,28336289.742579196,0.8987721578521457,28732325.432315625,0.8959228087036011
416,31139730.792418115,0.8825269336757176,31381857.16062261,0.8806930124149625,29888071.346021377,0.891780784803837,29965217.345257647,0.8912214008242193,30164926.358966064,0.889766616856865
417,33200574.238147285,0.8655652378683079,32048029.861861143,0.8747369258847857,31460569.357961304,0.8792871375519657,31455582.197628666,0.87932540556145,31322465.989289034,0.8803446049165825
418,30130708.914774295,0.9093432140599335,31449002.06230248,0.901236753780749,29175674.930556938,0.9149991162216633,29358506.813416492,0.9139304474920372,29674133.245728936,0.9120698724513232
419,27772720.04673947,0.9162225891048958,29534271.245389704,0.9052579843816396,27488813.55800277,0.9179266627249858,27361646.5845947,0.9186842710042827,27957800.39118963,0.9151022654665146
420,32199579.923834592,0.875550246022458,33323163.444521446,0.8667135266357479,31311863.81079124,0.8823176128564079,31498423.532396387,0.8809111045679863,31750655.94127047,0.8789961929800943
421,28651357.744170297,0.8965344016647672,27804255.663870577,0.9025620573684154,27478848.17319532,0.9048294436937194,27032537.60116912,0.9078958518113831,27096020.096413158,0.9074627539863089
422,31462265.89988635,0.8902558166646574,29685764.59209308,0.9022992280585933,29778950.906047795,0.9016848821144565,29712984.897294074,0.9021199728395609,29303319.60098309,0.9048003919363423
423,31801472.7258195,0.8913947594011545,32326763.161295444,0.8877772880278954,31040816.420200933,0.8965280610230397,30559737.161222074,0.8997104815363502,30936013.799249776,0.8972255828806841
424,32041137.976471193,0.8822620743006014,33106279.582049057,0.8743040535013533,32287253.907246333,0.8804463791374718,31514362.86847095,0.8861016117351356,32034681.888382055,0.8823095164257816
425,31280127.25730754,0.8940175589584379,30333826.990018327,0.9003330182518673,29934692.76225856,0.9029386101368541,29674278.410773203,0.9046200194030278,29464974.409218885,0.9059607769813124
426,34013094.18829216,0.8564255291336811,33630094.39291897,0.8596407258836458,30810962.58082729,0.8821863871889626,31972068.96287598,0.8731394987398867,31570012.76647704,0.8763100380307378
427,32874360.180320844,0.8788373432309674,33643317.96555891,0.8731028671029829,31627307.565429974,0.8878553361648448,31841945.702298656,0.8863280358260355,32006815.661779266,0.885147856025236
428,30278103.685977235,0.8897978891115469,30103688.61520013,0.8910638566743521,28237848.371768452,0.9041491930686248,28920226.403214473,0.899460679269459,28682127.707900066,0.9011093343982189
429,33161712.28716641,0.87775950096481,33196112.32395489,0.8775057590181189,32402577.955773056,0.8832920747794055,32107424.296630733,0.8854085658909374,32166388.291209854,0.8849872942931757
430,32560550.943562705,0.880011879500455,31754689.21564972,0.8858777056509048,31359486.72293261,0.8887006437319465,31206736.42414871,0.8897822688613328,31082827.620726604,0.8906557875788395
431,31448835.482101224,0.888361118678092,31527432.589436665,0.8878024043324062,30695089.766638216,0.8936483690539994,30484722.15232086,0.8951011273298894,30532004.109831188,0.8947754776243291
432,32342628.484465312,0.88635240862926,33644971.81121891,0.8770156219655966,31977306.333996132,0.8889052934007027,31916556.041661114,0.8893270065333628,32305351.07313805,0.8866142331479362
433,30735263.5009226,0.8872285152343824,31517413.83989107,0.8814158717185082,31511531.16083782,0.881460134694445,30499642.809042174,0.8889509306410567,30963774.217196546,0.8855454134548388
434,30905105.770060148,0.8923357404196789,31898141.81624604,0.8853056938066308,29596394.40669691,0.901261005145877,29847314.675149545,0.8995796760327087,30165217.728639882,0.8974291349555094
435,29390023.64596638,0.8903304889981813,28929367.875597313,0.8937414404320623,28152249.33062265,0.8993735303244522,27988929.670687478,0.9005376725224115,27999942.26584617,0.9004593877257978
436,28364650.542543326,0.8973588492264285,27993017.336872406,0.9000308351309567,26272187.96705543,0.9119439655959999,26587014.453051195,0.9098209239881753,26460923.519771207,0.9106742578983461
437,34418801.90048617,0.882213989641127,34105210.1662409,0.8843505226355453,32945345.27316962,0.8920828814231243,33232424.06294244,0.8901939532452423,33023121.838912815,0.8915727437820163
438,31844847.468759377,0.8850649855520137,29290905.998678688,0.9027611936949725,29615131.698270116,0.9005965757439847,29246746.881788664,0.9030541681083487,28905435.195596006,0.9053036949661464
439,32174238.73450282,0.8957877816564994,33427546.760671802,0.8875107319847495,31012797.150566474,0.9031757909847574,31473509.87208975,0.9002776657821572,31719215.91111899,0.8987145721263221
440,33965240.16415991,0.8786621518617929,35397789.02338236,0.868210994101636,33177471.296362285,0.8842253509028069,33337697.282914285,0.8831044155677471,33734508.79957124,0.8803050876954451
441,30470300.276277293,0.8980764978248426,30750196.425174896,0.8961953858778466,28692476.067771923,0.909623207106605,29148313.703134313,0.9067287623630818,29217774.635709383,0.9062836987720966
442,31903551.553664643,0.8827578344940625,31953061.207675718,0.8823936666991026,31386618.23473049,0.8865264042071763,31056641.536859505,0.8888998242535311,31113613.49883824,0.8884918341845152
443,35896214.38392886,0.8678124633882007,35884410.718727075,0.8678993829098481,34215394.39386735,0.8799018522135638,34707428.468068145,0.8764228761177885,34686871.69493149,0.8765692191172483
444,32046881.979203865,0.8809631043046567,30803707.051649373,0.8900194215077538,30338530.860222455,0.8933160411344908,30222744.96925584,0.8941287980777618,30085522.528494146,0.8950880043787377
445,31421290.6478347,0.8860657496700366,30867084.483548004,0.890049431209408,29485883.074095,0.8996691394691478,29755151.125566214,0.8978283093209217,29694578.912015267,0.8982438653530053
446,33022632.966786828,0.8724589664624586,32980544.277220286,0.8727838717529268,31911125.04168966,0.8809002723609649,31911508.225774802,0.8808974120798486,31947829.35661206,0.880626136745321
447,29940019.568322666,0.8885105869550851,31011773.262797303,0.8803858194350961,28865885.86595559,0.896366718628828,29296111.425014585,0.8932545366127957,29479075.119447354,0.8919170531942457
448,29949818.87646565,0.8955862094174016,30429430.574806277,0.8922153011084478,28674081.348213874,0.9042919455884237,28878893.068538174,0.9029198257586558,29026179.49190071,0.9019270554315283
449,31450094.04442422,0.889815536801503,31450038.213853102,0.8898159280026257,29744501.95597633,0.9014424574394613,29981322.66896767,0.8998668127055626,29948757.801718686,0.900084218260343
450,29561513.50524574,0.9017589426689975,31075601.0997186,0.8914377656809287,29711843.77562587,0.9007572242436299,29272215.37642545,0.9036723687812154,29728702.285046738,0.9006445715292961
451,29445269.19451998,0.896937656927491,30002120.307457343,0.8930026922897133,28066470.9015795,0.9063636300825462,28159437.094130978,0.9057422884189582,28380275.338864904,0.9042580733538292
452,24320889.917064574,0.9220225480059094,24919036.226445723,0.9181398381667235,24153637.68043384,0.9230913460136568,23613998.72016675,0.9264895321616469,23980398.514380872,0.924190626403494
453,30123704.008830074,0.8964270147578942,31067474.918882594,0.8898355010727697,29082036.842787933,0.9034662024558575,29331596.95716506,0.901802333379236,29556045.957119904,0.9002937420869469
454,34007987.49037763,0.8863130780724683,32956170.376073766,0.8932366672165275,32000204.594632123,0.8993406425645929,32048865.060764138,0.8990342785623789,31860093.496533614,0.9002201755304793
455,30757575.796283994,0.8900515104077632,31077856.862675317,0.8877497838350901,30010005.908935502,0.8953312051653008,29766524.39620873,0.8970227431561062,29876288.79462336,0.8962618832784668
456,28111453.593911935,0.9085388304419515,29555242.88960194,0.8989027806464662,27791829.49260682,0.9106068135111304,27649890.292138636,0.9115175845097606,28143458.7590088,0.9083304530158763
457,33706798.600400776,0.875946536114605,34129230.15235157,0.8728176435770735,31893655.277554393,0.8889336563804948,32393030.327649817,0.8854283840957943,32503091.815574482,0.8846485036894917
458,31168293.7441519,0.8970566767314817,32445452.96148175,0.8884473707117505,30461648.833915874,0.9016716068183317,30465496.934422728,0.9016467623694198,30986446.64422236,0.8982543897331651
459,32678243.621552937,0.8884009719425894,33369497.925946925,0.883629648912363,32626554.548377592,0.8887537380366358,32175426.39288209,0.8918088787292936,32513766.069396526,0.889521554874334
460,29707866.02410016,0.8964848049384446,30339192.431124493,0.8920384217833804,29008418.74602188,0.9013017838393074,28791580.58918778,0.902771808877563,29031810.741583947,0.9011425418532981
461,30474545.080391016,0.9029868348340561,30502036.718935184,0.9028117212196508,29410407.924482998,0.9096437271577692,29164938.742069356,0.91114572066504,29374892.63538052,0.9098618194459074
462,29878180.213719446,0.8802078213679745,30785075.655313257,0.8728253271889664,28601421.994817324,0.890227026088409,29009803.4111217,0.8870698902920843,29194026.93589721,0.885631035948554
463,28275597.969884653,0.8898433323178714,30272540.576172724,0.8737344329519122,28427538.081253402,0.8886562886033249,28121683.86248734,0.8910393119799447,28765014.052362923,0.8859969751787284
464,29566591.109668292,0.892994860173279,30542489.005525924,0.8858144940103875,29272520.41979285,0.8951128310056945,28818770.653093684,0.8983393154215127,29382360.9860523,0.8943242087076206
465,29886684.08779836,0.8872776820083761,29418125.604446508,0.8907844591488385,28545143.0546129,0.8971702233193567,28201265.26162154,0.8996328407801042,28296435.1205859,0.8989542864255975
466,27786607.089724835,0.9145214850172159,29410192.997335706,0.9042405424254796,26720092.484483365,0.9209572862344657,27247646.473445766,0.9178052800366189,27519240.953176152,0.9161585404484001
467,31183077.008734435,0.8817809718493188,31071460.48512512,0.8826257622167057,31236969.96156624,0.881371988600018,30327730.462119933,0.8881774804003764,30641893.630023338,0.8858487552411098
468,27864146.11017208,0.9026823657321181,28400505.7418091,0.898899753825791,27327048.924895324,0.9063979125639681,27118779.660275664,0.9078192259967128,27444600.42601469,0.9055908929984191
469,32971462.069980387,0.859781535078327,33414354.105697516,0.8559892413611316,31767532.792191684,0.8698345360627365,31766666.363726653,0.8698416362379933,32082374.247516923,0.8672416646628573
470,32249830.471453015,0.8884111239221145,31727117.687075958,0.8919991258927912,32067647.0061443,0.8896683228239992,31164516.09688175,0.8957954201119855,31131609.348004308,0.8960153640742554
471,33928574.88486588,0.8659565974449841,32918771.332082935,0.8738168277705228,33057335.04645554,0.8727523161529451,32328433.688017506,0.8783019739019733,32440779.561871942,0.8774546685386997
472,29867673.114358995,0.8736073755343814,30478811.773000482,0.8683820820591204,29368959.79876274,0.877793000197811,29205202.80928065,0.8791520171898526,29446205.307523847,0.8771493031592366
473,35499342.947418205,0.8549651378826186,35821233.77886338,0.8523230015097198,34635523.53662039,0.8619376408877002,34700832.565428704,0.8614164869586407,34791059.93623788,0.8606948741750036
474,31249954.7722426,0.8942909239947567,32494032.22890516,0.8857067179213574,32360954.322661623,0.8866409673123541,31050479.451660078,0.8956361452964691,31532114.34381438,0.89237338633376
475,32044302.02306922,0.8768531475877591,32187847.01210565,0.8757473842865741,31071874.49090584,0.8842138559621748,31026520.521017782,0.8845516230785216,31062133.738518786,0.8842864404066548
476,29952697.895186745,0.894527923682616,30230069.27525033,0.8925654700559522,29511068.042896606,0.8976152066412428,29215334.140727285,0.8996569451124343,29311966.602017105,0.8989920591870412
477,31966408.90164195,0.8778046697785872,31772625.546694722,0.8792816982237495,30987787.214835294,0.8851719370706516,30825247.977932975,0.8863733856661676,30835787.84474849,0.8862956692352835
478,32256218.658063374,0.8794689464052783,32913819.200517595,0.8745043702153887,31449203.02837464,0.8854246130994927,31471058.64745645,0.8852653094676953,31668031.70356775,0.883824597419982
479,29586916.700019557,0.90201084656951,31877826.396680705,0.8862487991820891,30463299.384596676,0.8961198746796621,29758576.252475135,0.9008705067093071,30597447.906461835,0.8952029649220672
480,31901113.810363304,0.8802813883940865,34204583.27306498,0.8623682646088422,31759129.784330208,0.8813446931623675,31926802.64709956,0.8800885004495284,32502901.98008441,0.8757220001788609
481,29929454.210458513,0.8896991333505974,30286279.95865816,0.8870533912916239,29206746.641135156,0.8949616969086547,28829154.51858924,0.8976600637295312,29203914.79546486,0.8949820646577368
482,28164178.18393469,0.9045677063072215,29567383.453217987,0.8948214975875068,28524891.011925906,0.9021075533534136,27888843.11848415,0.9064244918530542,28494167.312093206,0.9023183165368321
483,30231658.649311796,0.8908049557456112,31152228.84839034,0.8840536110925914,28882662.278658554,0.9003325326815184,29361876.755164247,0.896997776243027,29504723.734463077,0.8959931165111573
484,30867892.687786464,0.8902571960273662,31175069.587604094,0.8880621523460283,29808616.899987314,0.8976599228725141,29722324.83725728,0.8982515876176589,29833738.50096543,0.8974873533138732
485,32194833.073876776,0.8862793086347659,32028203.516565215,0.8874534219479241,31087456.164056145,0.8939678646194503,30961573.48311647,0.8948248395425273,31035308.058319584,0.894323296553981
486,28129118.236036934,0.8941077634083505,29934462.091713265,0.8800791215436,27617053.603546742,0.8979280127912118,27533997.25105624,0.8985410382779869,28150175.06027502,0.8939491669840149
487,28987630.60355991,0.8967108626402382,29718843.218501825,0.8914342053993934,28659489.34083548,0.8990361020409184,28251844.89452145,0.9018878393068068,28489016.599801406,0.9002336393116896
488,29768848.88873025,0.8846598218307282,28951591.03671693,0.8909058643646253,28466198.121562753,0.8945332725954643,28348433.15574688,0.8954041015040218,28283360.584248584,0.8958837408716276
489,39633575.17240774,0.8465835873904024,37454631.697641686,0.8629887005836635,37811417.058910534,0.860365983361465,37451490.56116374,0.8630116805529982,37111644.35473057,0.8654865478047366
490,34565770.51458476,0.8755904428898894,34953760.45357324,0.8727818515215084,32536572.322421778,0.8897687183501797,33367034.441528853,0.8840698284077116,33301137.40852138,0.8845272805509994
491,30387480.829065308,0.88661659332992,29848989.892923616,0.8905994806676801,29142255.534300044,0.8957187016400792,28779003.67953742,0.8983021866210767,28758629.25416167,0.8984461319134396
492,32971445.26108167,0.8921724955706031,32683173.569362037,0.8940497401822811,31978718.462958056,0.8985678347309032,31736248.422053073,0.9001001676541981,31764927.441277206,0.8999195335923997
493,30538605.82094705,0.8919504172136798,30992725.51102704,0.8887130547544979,28711284.424162313,0.9044941609041721,29148129.35570891,0.9015657904796586,29199312.38202126,0.9012197933773812
494,30164804.272443205,0.8826986831383028,32016610.298426975,0.8678544435637192,30346063.444403097,0.8812847292821278,30133563.979768965,0.8829415244208748,30631721.702195518,0.8790391918799876
495,30023697.552716374,0.8913160788139414,30323061.331719782,0.889137916958926,28927599.751603756,0.8991068351064916,28845143.818604328,0.8996811920136628,29018836.469265893,0.8984694038872043
496,31202587.198249348,0.8915329190617577,32068682.25111204,0.8854278743704175,31175430.996703297,0.891721638805203,30459268.73999364,0.8966392416929341,30918920.371152587,0.893496131419776
497,32301753.35987205,0.8868624198509264,32689365.121932585,0.8841308918903255,31567710.385687474,0.8919459973419432,31187108.966278203,0.894535832840558,31662593.280984297,0.891295466505101
498,32512391.61700984,0.8792098663060913,32827137.23352401,0.8768598584399582,31434433.15125965,0.8870867537454019,31421860.57966405,0.8871770576469202,31511512.665526148,0.886532331867113
499,30794579.584889065,0.8604882248235022,31259633.203814816,0.8562426489667523,30202272.506710075,0.8658033886031733,29978444.1037245,0.8677850746748716,30113702.630950425,0.8665893128635767
